а__,39851
і__,24514
__н,22227
__п,21430
я__,18131
е__,17918
ы__,16882
__с,16189
ў__,15461
__з,14079
__а,13440
__я,12444
у__,11252
__к,11130
_па,10773
__д,10662
ь__,10487
__в,10425
_на,10331
__м,10146
__б,9902
м__,9828
__і,9779
о__,9029
__т,9021
на_,8859
__г,8324
ць_,7984
_не,7624
не_,7560
й__,7269
_і_,6827
_ка,6647
__ў,6520
ся_,6036
_пр,5921
х__,5755
аў_,5744
__р,5743
_за,5336
__у,5232
к__,4927
лі_,4858
__ш,4803
пра,4543
_ад,4423
__л,4414
ю__,4365
з__,4346
н__,4327
кі_,4311
_як,4268
ава,4204
_да,4082
ла_,4035
ала,3774
д__,3737
ай_,3736
то_,3586
ны_,3577
__ч,3497
_ра,3493
ам_,3447
_з_,3355
га_,3342
алі,3314
дзе,3302
_ў_,3270
ага,3200
_ма,3194
_гэ,3187
ста,3184
гэт,3178
_та,3174
_шт,3138
пад,3104
__ц,3090
што,3089
_я_,3023
_вы,2996
ца_,2981
мі_,2943
цца,2912
__х,2910
_бы,2906
ым_,2896
ара,2781
_бо,2762
ыя_,2745
_у_,2708
р__,2652
дзі,2642
аць,2605
аза,2595
_ст,2581
__ж,2518
ае_,2499
_ва,2444
__ё,2443
ад_,2411
раз,2407
го_,2407
але,2400
пры,2386
да_,2349
асц,2348
ўся,2348
_ча,2342
кал,2342
_са,2296
ка_,2274
та_,2244
ых_,2236
лас,2231
ска,2230
ці_,2184
ая_,2158
ада,2124
ён_,2083
пер,2073
ра_,2070
тра,2048
ана,2026
т__,2022
_сп,2007
_ён,2005
адз,2004
_га,1999
_дз,1988
ва_,1982
_мо,1972
ты_,1959
вал,1933
эта,1917
аст,1899
яго,1884
_св,1881
ім_,1879
ера,1835
іх_,1824
с__,1814
_яг,1791
як_,1785
оль,1771
ды_,1767
ры_,1757
так,1756
нас,1727
каз,1725
был,1701
_ск,1689
ле_,1685
ні_,1682
ася,1679
аве,1676
бог,1674
_то,1668
рас,1654
чы_,1647
амі,1645
ыў_,1638
б__,1637
_а_,1636
ой_,1617
_ал,1612
ую_,1605
ма_,1601
сці,1601
які,1596
му_,1588
_пе,1579
заў,1578
ар_,1572
_ве,1556
ку_,1542
ак_,1540
_аб,1538
оў_,1523
_ні,1516
лав,1495
тан,1490
ары,1474
раў,1474
кан,1452
рад,1440
огш,1439
_во,1433
ным,1422
стр,1409
_тр,1407
_ты,1393
апі,1386
зна,1375
най,1363
сам,1357
вы_,1337
анн,1319
рав,1319
зе_,1316
льк,1313
ачы,1300
ля_,1300
ькі,1297
ія_,1295
ліс,1282
_ба,1276
ван,1267
ныя,1263
аві,1259
_су,1258
мы_,1243
кія,1237
іта,1235
іць,1231
пав,1225
це_,1216
адн,1215
аль,1215
спа,1209
ака,1204
_ла,1203
аўс,1200
эты,1199
ама,1197
пал,1197
раб,1195
_ўс,1190
ш__,1190
ша_,1184
вар,1180
льн,1180
нав,1176
ль_,1174
_кр,1174
ло_,1173
_ян,1165
_зн,1163
_кі,1163
іся,1145
жа_,1139
аб_,1139
тры,1137
нік,1125
нне,1125
акі,1120
дна,1115
_ме,1111
дар,1107
кап,1106
кам,1103
ыць,1103
тым,1099
час,1094
за_,1093
пак,1091
кар,1089
гша,1079
ах_,1079
зар,1079
па_,1076
лен,1075
_по,1069
там,1064
таў,1062
нуў,1059
ваў,1057
наў,1055
сць,1049
_нэ,1044
ран,1043
наг,1041
ілі,1040
адк,1031
ня_,1027
_мы,1026
іва,1025
ас_,1015
_ус,1015
ель,1014
пас,1012
_вя,1007
іка,1007
ных,1002
сва,1002
вац,1001
аро,1000
ё__,994
ыла,990
шы_,989
ж__,985
тар,985
ало,980
_зд,979
ыло,972
__ф,969
іў_,962
ацц,961
кры,960
тва,960
даў,954
іла,954
аўт,954
ючы,952
піт,932
аны,931
ан_,926
ады,924
ння,918
рам,917
аму,916
_ці,911
кім,909
вер,906
_ня,905
нам,905
тол,905
_ды,893
ача,889
дзя,886
_ця,881
_мя,881
бе_,879
ход,872
мал,869
аго,868
_бе,868
ако,868
_ду,867
_сл,865
ну_,863
_ся,862
ялі,860
над,860
ыма,859
чын,856
_ха,856
апа,854
ога,853
_жа,837
одз,831
ора,831
рац,829
кав,829
еда,825
каб,824
_жы,821
_го,820
вад,815
дал,814
бы_,814
лаз,813
чал,812
ылі,811
таг,808
лад,805
дум,804
іль,801
мян,800
мож,791
гад,791
ата,788
яна,788
лів,786
кіх,785
ылу,783
_мн,782
енн,782
скі,781
ўшы,781
уў_,780
ума,779
_до,771
іну,770
ем_,767
_гл,764
зін,763
трэ,763
_ру,760
лус,759
аюч,758
аду,754
тыл,754
_пл,754
ымі,749
_мі,745
бач,745
дав,744
_іх,744
ела,742
ная,740
іна,735
_ко,732
вед,732
два,731
ова,727
рым,726
ыцц,725
ўты,723
_ту,723
аля,722
яне,721
аю_,720
буд,719
цы_,718
г__,717
_бу,715
яшч,715
бра,714
э__,713
удз,712
нае,710
еў_,708
зда,708
са_,706
рап,705
кла,704
ыся,702
ожа,701
_др,701
_ак,701
кай,699
ду_,696
ей_,696
асл,693
пач,693
сё_,693
пам,693
яны,690
маг,687
ыта,686
быў,684
яе_,681
_ап,678
етр,677
дка,674
ўна,672
_лю,668
тал,667
ое_,666
ба_,662
аты,661
сла,660
пар,659
раг,659
ыва,658
лін,657
чна,655
аво,655
мне,651
ман,650
яў_,648
аз_,646
маў,646
гля,645
абі,644
вай,642
рыл,641
мар,634
шчэ,633
_ім,633
гал,631
апр,629
сту,628
гар,628
він,625
анс,625
_зр,623
_ас,623
сел,623
вае,622
лік,621
тав,620
ецц,619
тая,619
чыц,617
вет,612
нач,612
_гр,611
ахо,611
рак,609
ней,608
сто,607
авы,607
аўн,607
оўн,606
каў,604
_ле,602
ляд,601
ані,600
аўд,600
ека,598
жо_,596
аба,596
яко,595
вод,593
яка,591
эма,588
ены,588
_яе,586
чэ_,584
чыў,584
мен,583
паў,583
ваю,583
_яш,581
кая,580
ін_,580
вяр,579
_чы,573
вас,572
ьна,571
раш,571
нар,570
л__,569
ч__,569
азу,569
ную,569
атр,568
чым,568
оры,567
яць,567
ват,566
або,566
аюц,566
аец,565
вял,564
кін,561
азв,558
_дв,557
іра,557
кой,555
асп,555
ств,555
іўс,554
ожн,552
уць,551
ат_,551
нэм,548
_ві,546
рат,544
__е,544
ўсё,543
ядз,543
аса,542
_ро,542
усі,542
нул,541
арэ,541
ыка,538
ына,538
нен,537
юць,537
сты,536
бо_,536
тка,534
кол,532
тыя,532
авя,532
нні,532
спр,531
зра,531
энн,531
абе,528
_ж_,527
рыс,527
лед,526
пыт,524
одн,523
рал,523
бол,523
ру_,521
кір,521
віл,519
нак,518
мет,515
няў,514
вос,514
ер_,513
аме,511
саб,509
чны,506
_но,505
тай,505
рык,505
доб,505
жыц,504
ула,504
зва,504
зас,502
_зв,501
льм,501
мор,497
ола,496
шча,496
аці,496
нэд,495
ўва,493
нь_,491
ве_,490
се_,490
ень,489
рыц,489
абл,489
дны,488
род,487
дас,487
іны,487
_ку,486
ог_,485
ена,485
зап,484
_лі,484
іст,484
льш,482
нсе,482
све,480
яму,480
жна,480
зіў,480
жыв,478
_хо,477
жан,477
ато,477
зал,476
ёй_,476
ыні,475
_рэ,474
овы,473
уме,473
ябе,473
__э,472
ніц,472
_пя,472
аку,471
рыв,469
_ям,469
едз,469
ост,468
рук,466
адв,465
зіц,464
адо,464
зум,463
вол,462
ыст,461
сна,461
блі,460
гу_,459
гав,459
асі,457
нап,457
гі_,455
аце,455
_сц,454
_ры,453
рэб,453
нах,452
кую,452
аск,451
цю_,450
еры,449
ву_,448
аха,447
зь_,447
ус_,446
но_,445
мер,445
дра,442
той,442
_хв,442
важ,442
_кн,437
_зя,437
_со,436
пус,436
пла,435
лы_,433
уст,433
вам,433
свя,431
сім,431
агл,428
тых,428
сцю,427
нек,425
зям,424
аву,424
зен,424
цяг,421
шоў,421
дае,420
ане,420
ашы,420
дзь,420
арт,419
іцц,418
сіл,418
ут_,416
она,416
айш,415
ча_,415
ява,414
дац,414
нка,413
_ін,413
век,412
нія,412
елі,412
нал,411
імі,410
_гу,410
кра,410
хац,409
каг,409
еся,407
рыч,407
руг,406
гра,406
ажы,405
неб,404
эд_,404
вор,404
іне,403
мог,403
тро,402
вел,401
рос,401
мае,400
_зу,399
ц__,398
мац,398
ару,398
гор,397
дзв,397
ыра,397
еце,397
доў,396
ўжо,395
ліч,395
дру,394
кас,394
_ву,393
ніч,393
ню_,393
для,393
рыў,391
ык_,389
гон,388
глы,388
_тв,388
наш,386
олі,385
_дл,385
рну,385
чар,385
_ля,385
шу_,384
веч,384
ьш_,384
ыча,384
зец,384
вяд,383
цел,382
заб,382
чай,381
агу,381
йна,381
ажа,379
пат,378
лов,378
ікі,378
тна,378
_сі,377
заг,377
рын,376
чан,376
шчы,375
нем,375
мес,375
тут,375
ант,374
цяп,374
спы,374
рна,374
асн,374
іры,373
від,371
ода,371
мас,371
нуц,370
япе,370
уха,370
рах,369
ану,367
зам,366
вят,365
абы,364
сь_,364
ту_,364
нна,364
_см,364
роз,364
ом_,363
абр,361
энд,361
сяб,361
айн,360
туп,359
кул,359
уль,359
ура,359
амо,358
вым,357
наз,356
вых,356
дно,356
хто,356
_іс,355
_ўж,355
улі,355
спе,355
кня,354
ням,354
ваг,353
_бя,353
чам,352
інн,351
зад,351
аша,351
ычн,350
нац,350
ік_,350
есц,349
ачу,348
кру,347
ноў,346
тур,346
няз,345
бар,345
лю_,345
выс,344
ўні,343
лэн,343
уўс,343
мат,342
_це,342
лан,340
раф,340
_ўз,339
чак,338
_лэ,338
зіл,338
од_,337
паг,337
слу,337
амы,337
зах,336
про,335
быц,335
дам,334
цац,334
ьмі,333
акр,333
рта,333
рыг,332
ома,332
_ху,332
сце,331
аця,330
_се,329
вяз,328
ьны,328
_му,327
утк,327
гну,327
уды,327
зак,327
бел,326
сло,326
агі,326
уча,326
піс,325
_б_,325
ган,325
уса,325
ока,323
азн,323
хут,321
адч,320
раж,320
ско,320
лаў,319
год,319
рай,319
зус,319
_ша,318
рск,318
звы,318
ука,318
усё,317
адр,317
адс,317
_уз,317
ерх,316
орн,316
лыб,315
лам,315
іда,314
люд,314
плы,313
кон,313
чаў,312
дом,312
жал,312
ўны,311
сар,311
зве,311
зел,310
ячы,309
нны,309
ейк,309
_зм,308
акл,308
анц,308
рыб,308
учы,307
обр,307
рка,307
без,307
зац,307
_аг,306
гру,304
тац,304
поў,303
арс,303
__i,303
ува,303
роў,303
міл,303
апо,303
зні,302
мна,302
існ,302
кац,301
чыс,301
ядо,301
ўля,301
аўл,301
ярэ,301
ок_,300
пан,300
ыі_,300
дым,299
яро,298
ярн,298
дак,298
_кл,298
кну,297
іян,297
лос,297
гат,296
сця,295
бав,295
ату,294
_ат,294
рач,294
віц,294
тае,293
ску,293
i__,293
очы,293
кат,292
гас,292
тор,292
хва,292
еча,292
выч,291
вес,291
нов,290
анд,290
чат,290
бін,290
сал,290
рэч,290
арн,289
аўш,289
дня,289
ец_,288
даю,288
чыл,288
рыз,287
каж,287
эй_,287
_бл,287
ямл,287
зір,286
ужа,286
ано,285
гол,285
рны,285
ках,285
нат,285
тое,284
дан,284
віч,284
_фі,284
ою_,284
роб,284
ях_,283
ыпа,282
ямі,282
асу,282
чор,281
апы,281
ліз,281
вып,280
тую,280
кае,280
ваі,280
алё,279
_зл,279
люб,278
сап,278
упа,278
ута,278
_i_,278
эба,277
дол,276
сме,275
бер,275
акс,275
джа,275
лон,274
сін,274
ўда,274
неп,274
йшо,273
лаг,273
вой,273
тны,273
вык,273
сля,272
зно,271
зем,271
зі_,271
пын,270
_дн,270
оле,270
сус,270
тоў,269
тыр,269
яла,269
су_,269
нд_,269
рва,268
чаг,268
ічы,268
сяч,268
ягн,268
шта,268
пап,267
кое,267
іко,267
_шч,266
біц,266
клі,266
ног,266
яза,265
ерш,265
дык,265
оны,265
яй_,265
рэш,264
чка,263
рхн,263
ціс,263
ког,263
агн,263
обн,263
нта,262
_хт,262
зав,261
біў,261
уск,260
апу,260
нца,259
апт,259
ось,259
еса,259
маю,259
дво,258
сяр,258
алу,258
млі,258
кса,257
ху_,257
ноч,257
здз,257
гшу,256
філ,256
фра,256
йны,255
яда,254
рых,254
чу_,254
тыс,254
юдз,253
айс,253
азі,253
пта,253
еш_,251
кож,250
_чу,249
вец,249
ваё,248
пля,248
выр,248
_шы,248
шын,248
арк,248
выя,247
ніб,247
суд,247
чац,247
зес,247
фес,246
шлі,246
тад,246
йшл,246
зан,246
іні,245
хав,244
ібы,244
ужо,244
сон,244
афе,244
ічн,244
ацк,243
_фа,243
жны,243
рух,242
сы_,242
ўле,242
ішч,242
ята,242
мел,242
нск,241
між,241
ыбі,240
ткі,240
пол,240
ачн,239
рэд,239
рыя,239
апл,238
мін,237
зей,237
рок,237
ятл,236
оць,236
іск,236
_чо,236
_ар,235
огі,235
_бр,234
ывё,234
_лё,234
нос,234
мно,233
паз,232
ўга,232
аім,232
скр,231
амя,231
бяс,231
кта,230
яку,230
хап,230
ошн,230
лу_,229
віў,229
оты,229
ек_,229
сны,228
_ўв,228
коў,228
он_,228
руж,228
шыс,228
дчу,227
_пу,227
май,226
выш,226
рыт,226
_ца,225
ніў,225
_гі,224
сну,224
усе,222
нед,222
тво,222
ўдн,222
лух,222
кур,221
атк,221
ўды,221
зу_,221
слі,221
уты,221
ызн,221
чуў,220
бны,220
вач,220
рый,219
_пі,219
ршы,219
пяц,219
нев,218
тру,218
ыха,217
ыкл,217
зат,217
юцц,217
каю,217
ыро,217
гчы,217
біл,216
сяц,216
яці,216
от_,216
ець,215
зеў,215
усц,214
хоц,214
шні,214
дых,214
лоў,213
пац,213
шка,213
онц,212
аёй,212
окі,212
удн,212
ліц,212
іі_,211
_лы,210
лак,210
мов,210
гле,210
ыня,210
лод,210
ен_,209
ной,209
_уж,209
сле,209
_пы,209
жын,208
апе,207
ька,207
нез,207
іно,207
нут,206
ося,206
гла,206
выг,205
алю,205
ўск,204
рот,204
лян,204
_ам,203
меў,203
кро,203
лац,203
іч_,203
оўг,202
іча,202
скл,202
хал,202
адп,202
ічо,202
ляв,201
лык,201
лей,200
уся,200
цяж,200
ечн,200
яцц,200
ўра,200
зны,200
ціў,199
сум,199
уры,199
агр,198
уда,198
хні,198
цам,198
тыч,198
таб,198
вая,197
чыр,197
нты,197
яма,197
ліў,196
яві,196
вёл,196
ніл,196
абу,196
ез_,196
_тэ,196
_ан,196
йкі,195
огу,195
бна,195
іяк,195
піў,194
звя,194
лес,194
ект,194
агч,194
ццё,194
даб,194
суп,193
лек,193
ця_,193
кіт,193
воч,192
цка,192
яно,192
рэн,191
неш,191
туд,191
_зб,191
аўв,191
нкі,191
уша,190
озн,190
нчы,190
уцц,190
бры,190
ков,190
ерц,190
_аў,189
_хі,189
тэр,189
_ну,189
рог,188
хві,188
ыхо,188
атн,188
чув,188
нел,187
вуч,187
бля,187
умк,187
цік,187
ета,187
шыр,186
чог,186
дку,186
бак,186
онк,186
цен,186
цін,186
тку,186
ніх,186
аўк,185
сяг,185
івы,185
арв,185
дні,184
душ,184
сав,184
бок,183
эўн,183
_фр,183
іцы,182
інш,182
_ів,182
зів,182
дст,182
_ло,181
каш,181
іж_,181
эле,180
_ув,180
асо,180
_зг,180
ціц,180
оча,180
тас,180
ляў,179
чэн,179
пош,178
вон,178
здо,178
ньк,178
асе,177
уўш,177
уга,177
цяб,177
акт,177
ыры,177
емн,176
іса,176
шал,176
фар,176
лял,176
бой,176
нцы,175
ені,175
чкі,175
раю,175
зял,175
аўч,175
бу_,175
ціл,175
быв,175
шых,175
хаў,174
дай,174
сво,174
пэў,173
дры,173
пле,173
жац,172
_шл,172
рэл,172
_цю,172
ўсе,172
няй,171
гна,171
еру,171
угі,171
пот,171
укі,170
аяў,170
неч,170
пай,170
п__,170
стк,169
гам,169
сяд,169
іўн,169
рне,169
ляц,169
цкі,169
очн,169
нда,168
азг,168
ові,168
рох,168
пах,168
луб,167
йск,167
жаў,167
рэс,167
зво,167
евя,167
цар,167
іха,167
бор,167
даз,166
глі,166
жы_,166
асв,166
ойн,166
ўча,166
ыйш,166
ыга,166
пяр,166
жыў,166
ўне,166
яга,166
цяр,165
ха_,165
рож,165
рыш,164
ьні,164
эту,164
ляю,164
яўс,164
іхн,164
оўв,164
бур,163
дап,163
_шк,163
ацы,163
адж,163
аш_,163
еві,163
лка,162
ота,162
_аз,162
орт,162
_сн,162
шце,162
шэн,162
нес,162
піл,162
паб,162
уба,161
ужы,161
зро,161
йка,161
мны,161
леж,161
ніз,161
эшц,160
_ўб,160
ром,160
іўш,160
шаг,160
епа,160
бір,160
_шу,160
іца,160
шым,160
бяз,160
ежа,160
адб,160
хад,160
жка,159
_ах,159
оды,159
віт,159
ерн,159
ўта,159
нін,158
ыгл,158
_цэ,158
айг,158
цеў,158
шан,158
леп,158
яжа,158
бле,158
цця,158
іку,157
_бі,157
руд,157
ушы,157
чва,157
кад,156
цюк,156
хан,156
аца,156
гне,156
чык,156
сем,156
шай,155
йдз,155
зня,155
аўж,155
ебу,154
спі,154
ўдз,154
еба,154
оса,154
ачк,154
дву,154
цтв,153
ўно,153
_аж,153
афа,153
_ге,153
дрэ,153
ваш,153
дуж,152
нер,152
лёг,152
анч,152
ыну,152
гул,152
хай,151
ўба,151
ктр,151
йго,151
лёк,151
_шэ,151
ква,151
рэз,151
шаў,150
наб,150
моц,150
эль,150
_ёй,150
цё_,150
бая,150
аіх,150
ыю_,150
нім,150
вік,149
ціх,149
_зо,149
рун,149
ажн,149
отн,149
йша,149
гін,149
сіц,149
зды,149
аня,149
ток,148
ком,148
ажу,148
цыя,148
дчы,148
ух_,148
хоч,148
хі_,148
цэн,148
руч,148
ашк,148
ямн,147
адд,147
крэ,147
пун,147
ров,147
_яр,147
уго,147
ёсц,147
сца,147
кід,147
ыне,146
ор_,146
нец,146
дкі,146
_сх,146
еля,146
рэц,146
лён,146
шыя,146
адм,146
ефр,145
йст,145
ыны,145
_ёс,145
ыго,145
умн,145
іце,144
яўл,144
_еф,144
мка,144
ём_,144
рпу,144
лым,144
сят,144
адт,143
лег,143
адл,143
йце,143
азб,143
рае,143
азд,143
яск,143
нт_,143
ншы,143
мач,143
ол_,143
сок,142
ырв,142
люс,142
бал,142
олю,142
чае,142
шна,142
ьці,142
сьц,142
аж_,141
зер,141
есь,141
ет_,141
_ўд,141
піц,141
сіх,141
тла,141
тон,140
орк,140
дач,140
саў,139
юся,139
яжк,139
вух,139
рые,139
спя,139
мус,139
_эл,139
зла,139
няц,139
ешт,139
ыўс,138
_жо,138
рці,138
ач_,138
ысо,138
ейш,138
нях,138
есн,137
оку,137
ліл,137
тул,137
ыкн,137
_сы,137
ыкі,136
гва,136
руш,136
лай,136
злі,136
зяц,136
вах,135
бла,135
йсц,135
зай,135
сот,135
мец,135
ркі,135
ддз,135
ёгк,135
ашу,135
льц,135
таю,135
уду,134
губ,134
іты,134
цэл,134
нял,134
озе,134
эчы,134
аеш,134
ал_,134
дкр,134
куд,134
апя,134
арм,133
_кв,133
_іш,133
елы,133
азе,133
хіл,133
аем,133
ст_,132
мір,132
юча,132
цей,132
атл,132
вак,132
упр,131
алы,131
віс,131
_эк,131
утн,131
літ,130
ерл,130
нку,130
хам,130
экт,130
_іг,129
ёў_,129
ева,129
оцн,129
зяў,129
дро,128
люч,128
еха,128
іма,128
грэ,128
оне,128
уку,127
луч,127
ўст,127
_сэ,127
цер,127
ідз,126
лыя,126
азы,126
_ўп,126
наю,126
чэй,126
арп,126
ніш,126
_хр,125
оўк,125
збі,125
сан,125
_цё,125
еку,125
сям,125
ўсі,125
аё_,125
анк,125
эда,125
зяч,124
моў,124
змя,124
вый,124
асы,124
мой,124
йшы,124
ясп,124
_ід,123
шту,123
мні,123
іга,123
нды,123
аял,123
ыце,123
_ул,123
ўжы,123
няв,123
інк,123
выд,123
цаў,123
_хл,123
хта,123
ывы,122
афі,122
рыж,122
баг,122
вок,122
арц,122
атэ,122
лях,122
іба,122
глу,122
енш,121
мся,121
яні,121
ляс,121
лье,121
уе_,121
__ю,120
льг,120
цыі,120
гут,120
хіб,120
кор,120
абя,120
хну,120
віш,120
зім,120
пел,120
хар,119
лез,119
тат,119
ечы,119
шкі,119
онн,118
омн,118
зма,118
ўка,118
сцы,118
сне,118
днё,118
мам,117
_ўр,117
вяц,117
яты,117
ляж,116
пін,116
даг,116
эрц,116
азм,116
зга,116
зме,115
спу,115
іза,115
тык,115
айц,115
тап,115
лям,115
ісц,115
ачэ,115
язь,114
сёд,114
шам,114
мле,114
сні,114
рыд,114
льб,114
леў,114
рт_,113
жыл,113
оля,113
нёв,113
ярк,113
ят_,113
шма,112
ме_,112
ёды,112
рэж,112
гай,112
неў,112
ыда,112
чыя,112
чых,112
юка,111
выз,111
прэ,111
неа,111
ыво,111
ынё,111
ёю_,111
дне,111
мкі,111
яну,110
ыль,110
дзё,110
жар,110
_ав,110
цу_,110
онч,110
ычк,110
яюч,110
осі,110
оні,109
яра,109
іхт,109
еўс,109
гіс,109
хню,109
гус,109
іўл,108
ян_,108
іво,108
арг,108
ыўш,107
нан,107
гшы,107
рэк,107
лом,107
вую,107
ьга,107
ежн,107
эсц,107
маё,107
ент,107
ген,107
_уп,107
упі,106
дах,106
эбн,106
рон,106
гож,106
лат,106
нст,106
дат,106
убы,106
ізн,106
егл,106
шыў,106
дад,106
ўкі,105
уюч,105
ляе,105
мым,105
ожы,105
кты,105
ох_,105
лач,105
спл,105
рга,105
епш,105
ову,105
ыву,105
зян,105
мак,105
ьма,105
абс,105
_фу,105
ушк,104
рво,104
лых,104
жэй,104
ыб_,104
здр,104
нів,104
рша,104
шла,104
_аф,104
мяс,104
кут,104
лыв,103
пы_,103
сві,103
ойд,103
бро,103
зві,103
едн,103
юба,103
оба,103
пят,103
сэр,102
_іл,102
ьм_,102
ашэ,102
епр,102
туш,102
лет,102
руб,102
ашт,102
зка,102
_цу,102
ема,102
рэм,102
рку,102
ый_,101
сха,101
стэ,101
інт,101
хня,101
айм,101
цём,101
сут,100
ест,100
ум_,100
рма,100
ашн,100
ышы,100
дыі,100
жу_,100
бес,100
лап,100
оду,100
рца,100
муж,100
тэм,100
шэс,99
шае,99
яца,99
ыты,99
рты,99
ёна,99
няс,99
омы,99
осы,98
оўд,98
арб,98
біт,98
аўг,98
яч_,98
лер,98
вын,98
печ,97
схо,97
зор,97
лем,97
алк,97
бяр,97
осц,97
g__,97
цат,97
ынк,96
ыню,96
кіл,96
ёны,96
сен,96
жае,96
роп,96
кун,96
жэн,96
ому,96
тин,95
инк,95
ыем,95
соў,95
рти,95
унк,95
осе,95
іві,95
аян,95
эжы,95
гро,95
эра,95
ённ,95
сцэ,95
езд,95
спо,95
ыбо,95
пос,95
ухо,95
сма,95
ьев,95
осн,95
вог,95
jpg,94
ск_,94
_jp,94
ынн,94
зы_,94
_шм,94
рыр,94
ыйс,94
ычы,94
__j,94
pg_,94
гка,94
дда,94
аяв,94
рой,94
маі,93
ебя,93
яце,93
ухі,93
цав,93
ахв,93
зя_,93
пту,93
клю,93
еня,93
цем,93
бег,93
ндр,93
жад,93
чуц,93
выб,93
рла,92
ярт,92
ясн,92
жні,92
мёр,92
__о,92
обл,92
ыму,92
ліж,92
шук,92
етл,92
цес,92
сек,92
тло,92
ягв,92
во_,92
руц,92
цал,92
азр,92
ёка,91
жон,91
эры,91
ном,91
нят,91
мая,91
зён,90
_жу,90
ідн,90
ідо,90
цяч,90
ыша,90
зік,90
бож,90
ляр,90
пом,90
цян,90
еза,90
раі,90
есе,90
дну,90
мяр,90
сіў,90
боў,90
ыве,90
няг,89
пен,89
_хм,89
ясл,89
сёр,89
льд,89
эна,89
урн,89
еі_,89
дзю,89
тлі,89
бяц,89
ёвы,89
еле,89
жкі,89
_ўл,89
жлі,89
згл,89
ўтр,88
дыш,88
_пт,88
уко,88
одк,88
адц,88
ўну,88
рэв,88
ечк,88
ягу,88
рст,88
мав,88
ліш,88
ажэ,88
рэй,88
пру,88
абн,88
азо,88
аюс,87
выц,87
цуд,87
шлю,87
плі,87
дпа,87
нш_,87
тов,87
ук_,87
яль,87
бам,87
обі,87
гія,87
дый,87
_уд,87
дыр,86
ізк,86
луж,86
угл,86
дыя,86
аём,86
чну,86
мя_,86
_гн,86
езн,86
ўве,86
рце,85
лют,85
рэт,85
мыл,85
ань,85
уну,85
уна,85
ежы,85
лкі,85
ерв,85
гні,85
зьм,85
ул_,85
дле,84
кні,84
ям_,84
ажл,84
яме,84
рая,84
нша,84
воз,84
ысл,84
бів,84
эга,84
дла,84
убу,84
сьм,84
ейн,84
фан,84
пес,83
_ўг,83
ард,83
сух,83
хво,83
асс,83
етн,83
ахі,83
гук,83
ышо,83
тле,83
ніс,83
ячэ,83
ымл,83
іжэ,83
лев,83
шня,83
інс,83
ыдл,83
анг,83
жах,83
мур,83
жыс,82
_дэ,82
іле,82
одд,82
ыця,82
ырэ,82
ісл,82
ёр_,82
едч,82
длі,82
ўчы,82
рус,82
хоп,82
зач,81
яля,81
ытн,81
ысц,81
плю,81
ацв,81
гоў,81
ярп,81
ыса,81
злу,81
дск,81
зло,81
ьдз,81
дор,81
ел_,81
оўс,80
фут,80
ітр,80
кля,80
аўр,80
меш,80
чні,80
экс,80
кве,80
сур,80
міс,80
льс,80
ыме,80
шля,80
зык,79
зев,79
пеў,79
_ўц,79
змо,79
люп,79
мыс,79
млю,79
лая,79
ысё,79
упн,79
мом,79
рэг,79
дуц,79
асм,78
тэл,78
аг_,78
лят,78
паж,78
зуб,78
ашч,78
ялё,78
сюд,78
сяс,78
еды,77
гім,77
зяв,77
эдз,77
сак,77
ету,77
уля,77
тр_,77
сад,77
рву,77
рць,77
_ум,77
бед,77
_сё,77
оме,77
рда,77
опл,77
уюц,77
шыд,76
ышл,76
нду,76
іпе,76
раа,76
том,76
оч_,76
едв,76
нню,76
ўсп,76
чон,76
пор,76
цяк,76
муз,76
убл,76
дой,76
шло,76
_еў,76
ўша,76
ыба,76
уза,76
ове,75
зон,75
юды,75
лот,75
эйш,75
наё,75
_цы,75
шум,75
шны,75
вав,75
ырн,75
ркв,75
ын_,75
пек,75
ейс,75
ыві,75
іш_,75
смя,75
ўла,74
бад,74
ўня,74
улк,74
ёва,74
кцы,74
ўгі,74
яча,74
ёра,74
ўза,74
ўсх,74
яжы,74
онь,74
нча,74
шко,74
акн,74
_яв,74
учо,74
хры,73
узе,73
няе,73
узд,73
одж,73
яюц,73
мля,73
лог,73
льв,73
тах,73
вен,73
хма,73
яд_,73
уве,73
_эп,73
_ўм,73
згу,73
гац,73
аху,73
аўз,73
хач,73
чул,73
луп,73
леб,72
убі,72
ору,72
яры,72
еўш,72
мах,72
юпк,72
выл,72
хаю,72
абм,72
ьбо,72
паш,72
маш,72
ніж,72
тын,72
поз,71
ёрт,71
ед_,71
емр,71
эла,71
рэў,71
рып,71
уар,71
гаў,71
гры,71
ўзн,71
баў,71
шся,71
цям,71
шав,71
лаб,71
дзн,71
_лу,71
бот,71
няб,71
ёмн,71
чыт,71
тні,71
фрэ,71
ыку,71
мяш,71
быт,71
элы,71
учн,71
зяк,70
фер,70
лёд,70
ізі,70
нцу,70
тун,70
ілы,70
рут,70
_сю,70
вул,70
ыўд,70
шыл,70
вяс,70
ніг,70
іру,70
зеі,70
лыў,69
руп,69
_ўя,69
юбі,69
азл,69
кле,69
_уб,69
іня,69
сеў,69
ціш,69
ёла,69
ішл,69
_ўн,69
пей,69
выв,69
ыял,69
_зе,69
жва,69
ф__,69
ліп,68
озу,68
тко,68
сял,68
чэр,68
зго,68
вуа,68
гуц,68
ыш_,68
тлу,68
ітн,68
пяв,68
нош,68
ніі,68
тот,68
міх,68
_фо,67
мыя,67
ір_,67
куп,67
цьд,67
зкі,67
лах,67
кло,67
евы,67
рыі,67
ьён,67
ікл,67
эсл,67
ыйн,67
льё,67
ішо,67
эзе,67
еўр,67
ыйд,67
ятн,66
цыю,66
лум,66
цна,66
фор,66
_цв,66
язд,66
вёр,66
есл,66
дур,66
яша,66
мпе,66
емс,66
рба,66
рні,65
пяш,65
шар,65
уці,65
веж,65
інд,65
чку,65
ушч,65
поб,65
таі,65
ыбы,65
опа,65
іро,65
ірн,65
еев,65
зея,65
ысу,65
сун,65
гер,65
ес_,64
ур_,64
куч,64
_ур,64
няш,64
шчу,64
мых,64
ірк,64
энт,64
пло,64
уно,64
усп,64
ыцы,64
дов,64
бай,64
элі,64
тум,64
цвё,63
нет,63
мад,63
дуч,63
ьме,63
йчы,63
руз,63
жаю,63
ос_,63
шас,63
рлі,63
эчн,63
лыл,63
лае,63
паэ,63
хат,63
ёс_,63
жых,63
джэ,63
шая,63
ыху,63
ячо,62
сяк,62
ўця,62
_ны,62
код,62
_уц,62
вёў,62
воў,62
есп,62
йма,62
яса,62
рош,62
лоп,62
йму,62
рцы,61
ьва,61
_яў,61
ошт,61
яло,61
сып,61
сор,61
мею,61
жчы,61
сю_,61
лал,61
ону,61
люш,61
цны,61
пна,61
вуг,60
асф,60
язя,60
бст,60
сно,60
лід,60
ўзя,60
вуз,60
ярд,60
йну,60
кіп,60
ляк,60
ецт,60
бою,60
рту,60
бру,60
ёкі,59
цоў,59
умо,59
лын,59
дбы,59
коі,59
_мё,59
ахл,59
цве,59
ляч,59
усь,59
зры,59
міт,59
эў_,58
олы,58
чаш,58
соб,58
нёй,58
узн,58
соф,58
шэй,58
ною,58
лую,58
эмп,58
хоў,58
усн,58
цёр,58
іял,58
рол,58
іме,57
жыт,57
аіл,57
хом,57
ене,57
чаю,57
ею_,57
чую,57
аге,57
_ір,57
нтр,57
_юр,57
жуд,57
яўж,57
зыв,57
пая,57
зне,57
утр,57
пуш,57
яст,57
ёлы,57
гаю,57
мее,57
меж,57
твы,57
кою,57
онт,57
эдн,57
бод,57
аам,57
ызв,57
пка,57
цай,57
жав,56
бац,56
ыту,56
вош,56
ішн,56
ышэ,56
вук,56
орц,56
кна,56
ўзд,56
пае,56
еўн,56
шак,56
дбі,56
сён,56
ыду,56
отк,56
няд,56
оха,56
вус,56
гіг,56
мей,56
леч,56
хра,56
жжа,56
мяц,56
ьск,56
зба,56
нгл,56
амл,55
оўш,55
алт,55
атв,55
шую,55
ыўн,55
нцк,55
дуб,55
озь,55
ртв,55
дос,55
зрэ,55
нех,55
эмн,55
ябр,55
бух,55
няя,54
уро,54
енс,54
мік,54
цвя,54
чах,54
ерк,54
зёў,54
дкл,54
язё,54
цяў,54
язн,54
іду,54
нкт,54
ясц,54
ьца,54
ожж,54
пов,54
уця,54
яец,54
ывя,54
умл,54
тук,53
мяк,53
эпі,53
ёлі,53
ыно,53
выт,53
мня,53
рум,53
аэт,53
ушэ,53
аін,53
убе,53
ьце,53
лел,53
ію_,53
збу,53
ісь,53
дца,53
юта,53
згр,53
зеш,53
аіц,53
ехт,53
акц,53
гло,53
мят,53
узя,52
ешн,52
дту,52
епі,52
ьцы,52
пяс,52
наа,52
мкн,52
ойч,52
кус,52
яду,52
лох,52
ілу,52
ыхт,52
маб,52
суц,52
_яз,52
етк,52
ігн,52
лар,52
ярг,52
дус,52
удо,52
ерг,51
жам,51
пец,51
льт,51
вое,51
орм,51
нёс,51
тля,51
хім,51
ают,51
мон,51
юск,51
унд,51
пяч,51
ўку,51
вуц,51
рш_,51
эва,51
сі_,51
_зі,51
зед,51
ег_,51
сфе,51
ыск,51
йку,51
збр,51
_ун,50
асч,50
рпе,50
епе,50
шкл,50
еты,50
яня,50
коч,50
ыян,50
урс,50
лія,50
обя,50
ешс,50
эшт,50
ўжа,50
кт_,50
луг,50
уйн,50
нее,50
одв,50
йва,50
амк,50
пу_,50
буй,50
есу,50
іжа,50
ушн,50
шты,49
ымс,49
дмо,49
пір,49
ыкр,49
няю,49
сня,49
еаб,49
рар,49
жэк,49
дыс,49
шыц,49
ёзн,49
тве,49
ітв,49
мім,49
міц,49
ун_,49
хла,49
ішы,49
смі,49
ась,48
сын,48
оўж,48
гой,48
суч,48
яя_,48
зяд,48
ксп,48
оўл,48
мку,48
ацт,48
схі,48
пку,48
мех,48
ліх,48
_ял,48
оўп,48
янс,48
узк,48
эдк,48
ўсю,48
тву,48
эне,48
гіл,48
_яд,48
рдз,48
рге,47
гіч,47
нож,47
збя,47
упы,47
із_,47
язы,47
жым,47
ійс,47
ебе,47
_ўт,47
іля,47
цку,47
шап,47
вот,47
юль,47
ясс,47
ярш,47
ро_,47
бан,47
ылы,47
іню,47
езл,47
уцэ,47
слы,47
упе,47
зру,47
_е_,47
еян,47
аі_,47
_фл,47
тыў,47
ьну,47
ўцы,47
цах,47
цці,47
пны,46
цьк,46
жаб,46
юшч,46
шку,46
огн,46
дын,46
ігу,46
_пэ,46
уму,46
нок,46
рбо,46
ўду,46
орш,46
воб,46
ігр,46
ляп,46
езр,46
усв,46
янн,46
ўшч,46
мед,46
гог,46
амё,46
лья,46
рха,46
лёс,46
жоў,46
энс,46
лку,46
ныр,46
зоў,46
жну,46
ій_,45
эал,45
убо,45
уй_,45
чав,45
_еп,45
юбо,45
хіт,45
ікн,45
дло,45
ьку,45
аяц,45
ўме,45
зну,45
ваз,45
арш,45
лёв,45
нём,45
_ёю,44
паю,44
оск,44
льф,44
оце,44
нтэ,44
эча,44
осп,44
імк,44
ацэ,44
іжз,44
жзе,44
хлу,44
кос,44
ушу,44
еўз,44
мпа,44
адх,44
гіх,44
уру,44
гум,44
акш,44
іцу,44
ўпа,44
маж,44
ытв,44
упэ,44
яўш,44
ўпэ,44
оф_,44
ізо,44
_шп,43
сац,43
язі,43
аог,43
апэ,43
рую,43
зях,43
ўто,43
адг,43
абх,43
ьша,43
яха,43
аям,43
ьсо,43
цьс,43
чая,43
яба,43
рэа,43
ея_,43
зяс,43
язл,43
роц,43
езв,43
іл_,43
еду,43
люк,43
дта,43
нао,43
опі,43
ято,43
аад,43
міг,43
амб,43
ыко,43
айв,42
гкі,42
амп,42
_чэ,42
іпа,42
гае,42
екі,42
моч,42
оза,42
ыдз,42
пшы,42
сіс,42
оен,42
нуе,42
муш,42
жай,42
бат,42
цый,42
няж,42
чуж,42
огл,42
піз,42
орс,42
жуч,42
_ёз,42
оўч,42
ожк,42
сёл,42
яво,42
ўзр,42
гуч,42
гур,42
лож,42
тма,42
_гв,42
убк,42
оі_,42
рча,42
цуз,41
укн,41
маз,41
опк,41
вяк,41
ыгн,41
пкі,41
іто,41
каф,41
абд,41
ржа,41
узр,41
кіс,41
дко,41
ісе,41
пой,41
йся,41
фон,41
вян,41
ыр_,41
эст,41
мот,41
_аш,41
арх,41
унш,41
атм,41
дсл,41
кту,41
хол,41
_уг,41
ншч,41
якк,41
гее,41
ыбе,41
аўц,41
ўзб,41
ыля,41
імс,41
ўкл,40
ерс,40
счы,40
нёю,40
ытр,40
усл,40
лец,40
_вё,40
шуч,40
_жр,40
орч,40
сея,40
дтр,40
дою,40
хле,40
сед,40
эт_,40
уны,40
блю,40
яўн,40
ядл,40
вут,40
яру,40
ців,40
дпр,40
уху,40
угу,40
ыгр,40
ёпл,40
нту,40
цёп,40
сач,40
эчк,40
зод,40
рхі,40
рэп,39
ыж_,39
моз,39
олу,39
ее_,39
ўлі,39
урт,39
хае,39
ёк_,39
яды,39
луш,39
яўч,39
айл,39
язг,39
роч,39
амс,39
ееў,39
ічв,39
мры,39
дба,39
ўж_,39
этк,39
сос,39
юкі,39
ахн,39
чыш,39
сах,39
нег,39
хлі,39
куб,38
чне,38
_ём,38
узі,38
іця,38
оту,38
ыпл,38
еад,38
гня,38
сів,38
сол,38
тэк,38
баю,38
оўт,38
пог,38
нея,38
эза,38
яле,38
сер,38
рпл,38
ёўн,38
_тл,38
сэн,38
ыці,38
ргі,38
муд,38
шэр,38
йні,38
зск,38
іжн,38
ёрд,38
омк,38
фіт,38
вяч,37
екц,37
лій,37
заз,37
енд,37
рдж,37
уні,37
іту,37
дыц,37
ртк,37
ігі,37
рму,37
орп,37
ызо,37
анё,37
ьмы,37
бую,37
цыр,37
ўко,37
рмі,37
как,37
сму,37
цім,37
утч,37
ёд_,37
ячу,37
сюл,37
лёў,37
елю,37
опы,37
ўсм,37
ўяў,37
тчэ,37
ужч,37
еск,37
рды,37
сёй,37
эцк,37
ену,36
_п_,36
орд,36
рко,36
руй,36
аен,36
ўмо,36
чап,36
вір,36
скв,36
аіў,36
ажк,36
сча,36
зьк,36
ёнк,36
жаш,36
кне,36
ацу,36
ымк,36
сцё,36
ўпе,36
эпа,36
шаю,36
шчо,36
унт,36
еро,36
ыжа,36
дон,36
усх,36
ылк,36
блё,36
гую,35
шпа,35
ухн,35
эр_,35
зду,35
дух,35
імг,35
ойк,35
_зз,35
тэн,35
_ік,35
неж,35
чут,35
вуш,35
збо,35
упо,35
авё,35
абв,35
удр,35
ччу,35
рыф,35
імя,35
бхо,35
міў,35
гіб,35
еці,35
улы,35
пш_,35
ерт,35
ьму,34
гое,34
сір,34
ап_,34
дмі,34
рэ_,34
уле,34
рме,34
оін,34
упл,34
_шо,34
іхі,34
зіч,34
уп_,34
чаі,34
пе_,34
амн,34
ясё,34
ід_,34
ілк,34
яюс,34
ыех,34
хаз,34
юса,34
жыя,34
ўро,34
жня,34
ежк,34
езу,34
юк_,34
усю,34
інь,34
ызы,34
сас,33
озі,33
чле,33
жак,33
удж,33
буе,33
узб,33
рэх,33
ажо,33
_ед,33
ыбу,33
фак,33
окн,33
куш,33
кш_,33
_ср,33
цір,33
_эн,33
суш,33
обы,33
срэ,33
ваб,33
нян,33
няп,33
гах,33
олл,33
_ай,33
ойв,33
ачв,33
эшн,33
еяк,33
ецк,33
мяд,33
оху,33
мгн,33
зву,33
якр,33
охі,33
уец,33
сіі,33
іяй,33
янт,33
орв,33
ега,33
кел,32
_ўч,32
учк,32
йвя,32
еця,32
арл,32
тач,32
ўго,32
іве,32
ікш,32
ляй,32
тцы,32
ўзв,32
ыпр,32
ымя,32
ків,32
юра,32
чуп,32
эці,32
дэл,32
ьчы,32
узы,32
нуч,32
тос,32
урэ,32
яю_,32
бме,32
_д_,32
рпа,32
ябл,32
пік,32
ндз,32
цеж,32
ьбы,32
іят,32
эса,32
штр,32
зоа,32
ойс,32
янк,32
ісі,32
мро,32
_ес,32
фін,32
цан,32
быя,31
ўяв,31
адэ,31
лёт,31
ыяй,31
кцё,31
ецы,31
шац,31
ўчк,31
емл,31
нол,31
кач,31
урш,31
оя_,31
бас,31
саф,31
_яс,31
ужн,31
упс,31
піш,31
ьба,31
ыру,31
пст,31
урм,31
імо,31
_ль,31
ячн,31
мую,31
оаф,31
_чл,31
_ке,31
ёл_,31
рве,31
іву,31
узс,31
гая,31
пед,31
юю_,31
іды,31
эка,31
воп,31
рс_,31
две,31
оша,31
ясо,31
гаж,31
мяя,31
язв,31
ксі,31
лаж,31
вою,31
йзд,30
луз,30
очч,30
газ,30
цеш,30
опе,30
ёмы,30
джу,30
цьб,30
_жэ,30
очк,30
зяю,30
ыды,30
джв,30
дыю,30
ідэ,30
вум,30
омл,30
ятк,30
язм,30
айз,30
пша,30
тыд,30
ыхн,30
айб,30
айд,30
віз,30
рое,30
ўца,30
нцо,30
ьве,30
жур,30
плё,30
таж,30
ацо,30
інц,30
ыпі,30
цёк,30
іцт,30
_ўх,30
одл,30
эск,30
_о_,30
эрм,30
нса,30
шат,30
нюю,30
ухт,30
іц_,30
іло,29
фы_,29
эрс,29
ізм,29
гід,29
ісв,29
эзк,29
піч,29
юку,29
язк,29
ібл,29
рмы,29
біб,29
ысн,29
йбо,29
дме,29
очв,29
тну,29
кме,29
лім,29
фаі,29
ошы,29
эрн,29
ысв,29
туб,29
_яц,29
цов,29
елл,29
рыю,29
урх,29
под,29
інж,29
осл,29
сцв,29
оня,29
ллю,29
юле,29
яеш,29
ыжы,29
ьн_,28
ысе,28
лоб,28
лыт,28
ыўк,28
ытк,28
ізе,28
упя,28
баб,28
ічэ,28
тне,28
яве,28
ерд,28
збе,28
ынг,28
яся,28
мут,28
ёрс,28
ыза,28
лок,28
ніт,28
_тк,28
мок,28
дую,28
ошч,28
хло,28
пех,28
іт_,28
фшт,28
яйн,28
ція,28
кок,28
жор,28
экр,28
юту,28
ыкм,28
ацн,28
ужб,28
пеш,28
кно,28
ябо,28
_ер,27
тэа,27
сыц,27
лле,27
чуе,27
туе,27
люн,27
док,27
яке,27
ёма,27
ьдо,27
узл,27
_нь,27
нью,27
урб,27
уне,27
еец,27
мсо,27
хіс,27
іфі,27
ічу,27
юго,27
жку,27
ўп_,27
схв,27
ыхі,27
усы,27
ыпу,27
кіе,27
мол,27
_ух,27
еюч,27
хаг,27
фал,27
змр,27
арч,27
мяж,27
даж,27
мра,27
бкі,27
уд_,27
_фе,27
ўгл,27
зія,26
оўц,26
ешл,26
эць,26
вож,26
няч,26
мох,26
по_,26
жов,26
_ех,26
чыв,26
зол,26
рсі,26
ёмі,26
ткн,26
цэр,26
ьфш,26
екл,26
абк,26
хвя,26
біс,26
сов,26
сія,26
бса,26
яўд,26
зыч,26
онс,26
ех_,26
уйц,26
усу,26
ыйк,26
дма,26
кер,26
міч,26
апн,26
лта,26
юст,26
мст,26
язе,26
эві,26
цэ_,26
ко_,26
аед,25
нга,25
фіц,25
чко,25
фік,25
_ел,25
рмо,25
мял,25
ысы,25
гнё,25
тог,25
чок,25
элк,25
ыгі,25
пыл,25
сат,25
шне,25
ерп,25
ыле,25
зле,25
роі,25
ясе,25
бды,25
топ,25
ойл,25
кош,25
япр,25
оз_,25
зю_,25
есі,25
ыбр,25
шва,25
нто,25
хму,25
рві,25
йду,25
цюл,25
баі,25
дэн,25
ятэ,25
еву,25
цяц,25
йла,25
члі,25
ві_,25
вёс,25
бен,25
млё,25
пну,25
учэ,25
ссп,25
яжн,25
кві,25
ынс,25
зюг,24
ждж,24
мбі,24
дь_,24
хор,24
епл,24
ічк,24
ютн,24
зіш,24
нід,24
фаў,24
ынц,24
бка,24
мо_,24
сся,24
зку,24
ожч,24
гэ_,24
кс_,24
тыт,24
брэ,24
оцы,24
рлы,24
бня,24
жач,24
ыс_,24
дча,24
яц_,24
_уя,24
дпл,24
зіі,24
пёр,24
ье_,24
окв,24
цыг,24
міз,24
сей,24
ргу,24
точ,24
аех,24
жуц,24
еюц,24
эпо,24
ўзл,24
ьда,24
вез,24
воі,24
зая,24
няк,23
ітк,23
мдз,23
нці,23
_цм,23
боч,23
уту,23
бут,23
шул,23
бяд,23
стц,23
лоч,23
ісп,23
акя,23
жэр,23
емд,23
_ут,23
едк,23
бял,23
есс,23
лга,23
вяш,23
ляг,23
кто,23
гіі,23
дпі,23
уце,23
есв,23
мну,23
фа_,23
енц,23
ёду,23
ідв,23
ібе,23
ырк,23
ямо,23
азя,23
ядн,23
юбы,23
гом,23
кян,23
пок,23
блы,23
хне,23
іша,23
тня,23
ндл,23
квы,23
ное,23
бап,23
ірг,23
окл,23
імч,23
омс,23
зяр,23
чач,23
нгі,23
язю,23
фек,23
мсі,23
чук,23
лук,23
веш,22
пыр,22
кск,22
іцк,22
яр_,22
аар,22
япо,22
узв,22
утэ,22
еве,22
гел,22
ядр,22
ньч,22
чуг,22
_уч,22
урв,22
вэр,22
зёр,22
_мэ,22
сфа,22
туж,22
фла,22
ешк,22
алг,22
эфе,22
хіп,22
саг,22
айк,22
_ук,22
уж_,22
явы,22
ззя,22
цід,22
шок,22
кка,22
бае,22
пяк,22
бну,22
іху,22
ечу,22
муч,22
лля,22
злы,21
фіч,21
сыр,21
эат,21
тэж,21
ісу,21
урк,21
юты,21
рчэ,21
зм_,21
ышк,21
цом,21
егч,21
ясы,21
ццю,21
нва,21
фры,21
дгу,21
цне,21
лёз,21
абш,21
жая,21
ыца,21
сіф,21
сяж,21
дга,21
ож_,21
хов,21
гві,21
рх_,21
уг_,21
_ез,21
няр,21
цце,21
_эф,21
ыбл,21
ешы,21
лее,21
мча,21
орл,21
бяг,21
дыл,21
эру,21
об_,21
екс,21
афр,21
аўм,21
зіс,21
гіп,21
ўлю,21
ішт,21
дук,21
арж,21
егр,21
айч,21
абц,21
_дж,21
двя,21
ляз,21
наж,21
іс_,21
ыт_,21
туч,21
дэр,21
чвэ,21
_чв,21
пон,21
ужэ,21
ько,21
сув,21
гед,21
мяч,20
лаю,20
мцы,20
ачт,20
коп,20
вей,20
фам,20
фас,20
пыш,20
оіў,20
ыяк,20
ноц,20
елу,20
ссі,20
кша,20
узо,20
онв,20
лоц,20
паа,20
бні,20
бшы,20
ярж,20
ойц,20
блу,20
заш,20
здж,20
ючн,20
нжы,20
бов,20
эц_,20
опр,20
ойм,20
шаш,20
янш,20
эсі,20
бім,20
поп,20
чцы,20
увя,20
ндэ,20
рчы,20
зюм,20
езе,20
ьне,20
чад,20
рл_,20
ешч,20
бян,20
ыпе,20
зюр,20
юрв,20
змі,20
рк_,20
стл,20
зко,20
уэц,20
суэ,20
ядж,20
бкр,20
ужк,20
уеш,20
жра,20
оці,20
тус,20
апк,20
ьшч,20
окр,20
эсн,20
гос,20
ефо,20
ршч,20
учв,20
ршу,20
эсп,20
лор,20
ьяр,20
слё,20
мэт,19
ёрк,19
фло,19
_эс,19
кум,19
апё,19
ерм,19
ссе,19
емы,19
чо_,19
пул,19
эні,19
ліі,19
іён,19
ясч,19
рху,19
ошк,19
мід,19
аке,19
еша,19
ясі,19
йда,19
_ач,19
энц,19
эця,19
уб_,19
хты,19
умб,19
таз,19
ёры,19
_із,19
леф,19
ьта,19
жос,19
ёт_,19
эвы,19
гуш,19
япл,19
ыгу,19
хру,19
укт,19
цях,19
зьв,19
эзі,19
юбу,19
усм,19
кух,19
біш,19
алд,19
юдн,19
вап,19
мсц,19
оро,19
бія,19
ргн,19
ёль,18
лош,18
_ят,18
еем,18
ью_,18
дуе,18
эмы,18
ўту,18
цмя,18
обу,18
тыв,18
ьфі,18
ымо,18
згі,18
ўз_,18
цуг,18
мсь,18
туц,18
ізу,18
туз,18
елк,18
геа,18
енк,18
кст,18
эцц,18
клу,18
мва,18
юмо,18
_яб,18
зят,18
_яп,18
зза,18
мпл,18
ерэ,18
шыю,18
оіл,18
емі,18
едж,18
мый,18
коя,18
ажд,18
ышч,18
нот,18
клё,18
егі,18
озы,18
мем,18
ахр,18
ллі,18
ісх,18
рд_,18
бск,18
міф,18
ній,18
экі,18
дхі,18
бмі,18
кву,18
жас,18
эмі,18
дсу,18
йлі,18
сшы,18
ьня,18
охк,18
пуч,18
_жв,18
кчэ,17
оп_,17
імп,17
руе,17
еху,17
жыр,17
оіц,17
іцэ,17
эх_,17
наі,17
зых,17
ккі,17
йне,17
чэм,17
ырс,17
жаг,17
ышн,17
рсе,17
яг_,17
эжа,17
фіі,17
уто,17
пуз,17
куй,17
бах,17
ізя,17
уз_,17
ьян,17
ыфа,17
кво,17
ёмк,17
ымн,17
дсю,17
_ўк,17
цеп,17
ызм,17
лыс,17
ўк_,17
ньц,17
йца,17
вун,17
др_,17
сём,17
тоц,17
элу,17
пох,17
роя,17
тух,17
ршо,17
орг,17
ымы,17
ахм,17
юдс,17
пів,17
лун,17
ёрш,17
дха,17
ртр,17
яшы,17
імы,17
ягі,17
ітэ,17
баз,17
аён,17
бус,17
лда,17
ыто,17
эду,17
цэс,17
ошу,17
пса,17
ёлу,17
цып,17
йсб,17
сук,17
айп,17
сбе,17
кен,17
ісо,17
нэл,17
ціп,17
ляб,16
аню,16
еб_,16
тча,16
льч,16
ндс,16
еге,16
ёмс,16
чча,16
вём,16
еме,16
ідр,16
гаг,16
асю,16
роф,16
ьшы,16
зае,16
зеж,16
нуд,16
пеж,16
пых,16
куц,16
мыв,16
пял,16
умв,16
ічч,16
ятв,16
кны,16
экз,16
цын,16
сню,16
лой,16
цві,16
сцо,16
ігл,16
йло,16
іеў,16
шос,16
аср,16
ўе_,16
йпе,16
ікч,16
рса,16
ссм,16
звю,16
нус,16
ччы,16
эм_,16
якл,16
йцы,16
ебн,16
ухм,16
экв,16
тэт,16
ікт,16
пцы,16
бло,16
інф,16
нге,16
жую,16
яем,16
лба,16
ўцё,16
ыяў,16
кет,16
дцу,16
бул,16
цк_,16
азь,16
нс_,16
фія,16
отэ,16
яця,16
яху,16
хмы,16
ркн,16
бых,16
эйл,16
цьм,16
даё,16
бет,16
сыс,16
якс,16
рор,16
еўд,16
іпн,16
ёзы,16
пет,16
бку,16
пчу,16
тып,16
сую,16
зьц,16
апч,16
ябі,16
яцы,16
рыё,16
эме,15
_ой,15
іг_,15
чоў,15
рцв,15
ўдв,15
ыям,15
боі,15
удк,15
оўз,15
ўпр,15
тэг,15
__h,15
муў,15
ікр,15
рня,15
ейв,15
ціг,15
ўхі,15
ашм,15
сыч,15
янь,15
саж,15
тэс,15
нце,15
лыц,15
ерз,15
хус,15
агв,15
_пс,15
мош,15
эрк,15
ёсл,15
уем,15
ьды,15
юар,15
ямы,15
жэс,15
укв,15
нну,15
ятр,15
цёв,15
ено,15
_ац,15
унь,15
поя,15
ояс,15
уйс,15
ынь,15
_ен,15
азё,15
ац_,15
аўп,15
дая,15
ішэ,15
чэл,15
ейз,15
гню,15
овя,15
коз,15
зля,15
егу,15
сеч,15
мко,15
зею,15
руі,15
эля,15
_ёр,15
іпл,15
люю,15
жрэ,15
ўло,15
ялю,15
ютк,15
яём,15
ўзы,15
бмя,14
пух,14
_г_,14
укц,14
усо,14
хаб,14
пуг,14
_от,14
ыяз,14
цюа,14
хлы,14
йза,14
бун,14
унс,14
унэ,14
рзе,14
яял,14
ышт,14
ярз,14
азк,14
рза,14
ухл,14
ееш,14
ьбу,14
ыдн,14
джы,14
штэ,14
_юш,14
ўце,14
ыяд,14
юша,14
ірэ,14
нсо,14
хка,14
леі,14
_ек,14
эбр,14
нію,14
ціч,14
іму,14
лёй,14
кіш,14
цял,14
зыг,14
ёск,14
ірл,14
дэт,14
_зы,14
вее,14
ыл_,14
сст,14
рбі,14
ілю,14
юце,14
охс,14
ўрэ,14
енг,14
сец,14
зет,14
шаф,14
эха,14
ўгу,14
шыт,14
ысп,14
ссы,14
ёда,14
чот,14
рхо,14
ытл,14
уін,14
цэй,14
дэа,14
меч,14
ачл,14
жом,14
рфа,14
яшн,14
дсе,14
пі_,14
юнк,14
юда,14
эбы,14
ішс,14
іпо,14
ршк,13
хсо,13
віг,13
бон,13
_яй,13
зці,13
сій,13
юсе,13
дыв,13
шпі,13
ноп,13
_юц,13
озг,13
ыяв,13
заж,13
ічб,13
апс,13
шчв,13
ылл,13
ыяц,13
дце,13
мод,13
жус,13
этэ,13
ьгн,13
фун,13
аях,13
длы,13
юх_,13
мба,13
сік,13
вюх,13
эбі,13
пто,13
шыв,13
дош,13
хмя,13
укл,13
дуз,13
йле,13
ыяг,13
ямё,13
юс_,13
бі_,13
шах,13
хія,13
учу,13
эн_,13
ашл,13
анф,13
еас,13
уяў,13
суй,13
хту,13
_юн,13
фен,13
нцэ,13
мул,13
зюб,13
іго,13
еч_,13
лт_,13
эк_,13
опу,13
урч,13
обе,13
лём,13
эч_,13
афо,13
яўц,13
тэч,13
мкл,13
дпу,13
ўры,13
онд,13
адш,13
неі,13
ўзм,13
збл,13
шцы,13
вуж,13
тыц,13
аяр,13
мск,13
рно,13
ючу,13
в__,13
яву,13
бое,13
еаг,13
рдэ,13
фіз,13
шну,13
клы,12
офс,12
ідк,12
ысь,12
ўсл,12
ьшу,12
ёву,12
шша,12
кшт,12
одб,12
дбл,12
эбу,12
_нё,12
узг,12
быш,12
чом,12
сіп,12
зок,12
тэз,12
ібр,12
_еж,12
злю,12
жбу,12
тыз,12
саю,12
ыфе,12
урп,12
суз,12
ліё,12
ртэ,12
эўс,12
ўчо,12
омп,12
цеб,12
ош_,12
ыпы,12
ажв,12
узм,12
гны,12
ркт,12
жск,12
плу,12
лір,12
асх,12
кшы,12
чты,12
туг,12
озд,12
бця,12
ляш,12
ёз_,12
пуб,12
цяв,12
_эр,12
яяў,12
чно,12
ямп,12
дця,12
жне,12
сул,12
уяв,12
юна,12
шыі,12
ааб,12
яхо,12
боя,12
мёд,12
аіс,12
_hi,12
алл,12
сію,12
сет,12
яцк,12
сай,12
ёдз,12
_мс,12
зек,12
веб,12
быс,12
уі_,12
ётк,12
этн,12
гун,12
орб,12
цёт,12
бюл,12
атх,12
ягл,12
ыём,12
тхн,12
лё_,12
няё,12
цех,12
ярч,11
эму,11
жму,11
тню,11
ўха,11
нсу,11
_жм,11
шол,11
ени,11
жжы,11
джо,11
аяч,11
ёму,11
дз_,11
нжа,11
убц,11
фск,11
яту,11
люц,11
эро,11
жба,11
эя_,11
ачц,11
рбы,11
еяў,11
янё,11
яжу,11
амц,11
кль,11
нко,11
n__,11
сыл,11
рэя,11
упу,11
аах,11
дуг,11
ёг_,11
ёку,11
эну,11
змы,11
ешв,11
бее,11
вій,11
эрв,11
эзн,11
рцю,11
нчв,11
ўсц,11
ачо,11
рн_,11
кот,11
ыбн,11
цыв,11
ярх,11
_бэ,11
энь,11
ліг,11
дзо,11
улю,11
пур,11
аэз,11
яцю,11
буг,11
эжж,11
юбл,11
фуз,11
адь,11
мух,11
ерб,11
оўе,11
умя,11
тно,11
інг,11
нею,11
_ор,11
бяж,11
ьту,11
ухс,11
ясу,11
лко,11
жой,11
ёлк,11
аун,11
эцы,11
шаб,11
ўшу,11
яхі,11
рго,11
кзе,11
асэ,11
емп,11
рбл,11
нфу,11
дэк,11
умы,11
эрл,11
лею,11
эдж,11
рпн,11
одс,11
эі_,11
леа,11
ьст,11
ьбе,11
уня,11
чун,11
утв,11
пут,11
цяй,11
ыдк,11
ньб,11
гік,11
арф,11
уя_,11
суя,11
штк,11
іці,11
гуд,11
рбу,11
афы,10
гся,10
ўзу,10
емц,10
_мл,10
зій,10
тыг,10
ыбк,10
зуп,10
суі,10
вя_,10
ыпо,10
кук,10
сох,10
луд,10
шню,10
яцо,10
фау,10
лёю,10
гою,10
бей,10
ырб,10
унц,10
эпт,10
еа_,10
іфа,10
яшк,10
__n,10
мук,10
ўпу,10
акв,10
_кп,10
ьто,10
нёў,10
лту,10
умц,10
сса,10
аек,10
эар,10
рвы,10
ыях,10
ўнд,10
зой,10
іўц,10
цма,10
едс,10
ўкр,10
бцы,10
схл,10
бду,10
пва,10
цуе,10
быч,10
аяс,10
ююц,10
мру,10
длё,10
сра,10
кіц,10
тэп,10
йгр,10
дпо,10
тлы,10
сыт,10
суа,10
тыб,10
ыбю,10
чэз,10
дся,10
йвы,10
бос,10
орф,10
енч,10
убр,10
ние,10
абг,10
ноз,10
зіт,10
вёз,10
віх,10
хен,10
вім,10
нкр,10
йча,10
цыл,10
янц,10
еям,10
ачч,10
ісы,10
уч_,10
арз,10
езц,10
эш_,10
мея,10
каа,10
дэв,10
бук,10
зяб,10
лоз,10
рто,9
олк,9
зее,9
ншу,9
ечв,9
ейм,9
зму,9
ырч,9
аф_,9
яцт,9
зг_,9
_к_,9
вів,9
муц,9
уцу,9
алб,9
юма,9
мію,9
зід,9
ярц,9
упк,9
ые_,9
нгу,9
рду,9
амр,9
_іт,9
хах,9
ўпл,9
