и__,3132
о__,3022
а__,2921
__н,2537
__в,2493
__п,2461
і__,2283
е__,2073
__с,1902
в__,1831
__т,1781
__з,1731
у__,1520
__д,1474
я__,1229
__б,1181
ь__,1118
й__,1097
_по,1023
_на,1019
__к,978
__і,964
м__,883
_не,874
ого,832
на_,799
_і_,788
__я,778
__м,764
го_,761
ся_,729
__щ,719
_та,699
к__,696
ти_,692
не_,679
_ві,678
__о,669
_пр,647
__ч,638
_що,630
__й,616
__р,582
з__,575
_за,564
__г,558
_до,557
__а,552
_як,541
ли_,532
що_,524
н__,483
__у,480
х__,477
_бу,471
ю__,469
сь_,458
ки_,440
ав_,436
_ко,410
та_,404
ть_,404
_з_,391
_в_,379
він,373
__х,371
ло_,371
_то,370
ла_,367
ий_,367
ін_,366
__л,360
_ст,358
ати,353
д__,351
_ви,347
му_,347
__ш,343
же_,342
ми_,339
про,330
ому,329
як_,321
_йо,317
так,316
ні_,313
при,308
ере,305
ови,302
вся,298
то_,296
ї__,293
__ж,288
ів_,287
ста,282
ка_,281
ом_,275
_й_,273
но_,268
_мо,263
ку_,262
_св,260
ив_,260
__ц,258
_го,257
від,257
_пе,256
_ро,256
ою_,254
_ні,253
ака,249
_вс,249
пер,247
оло,246
_пі,245
до_,245
чи_,240
али,237
_чи,237
_а_,233
ува,228
им_,227
_во,227
_ск,225
іль,221
ув_,220
_зн,220
ити,217
ій_,216
вши,215
_сп,215
ьки,214
оро,213
роз,213
бул,212
акі,212
зна,210
віт,202
_од,201
льк,198
их_,197
_тр,197
ж__,194
_у_,191
вич,191
кол,191
ами,189
йог,189
ч__,188
ові,187
каз,186
лов,186
ало,184
ись,184
_ак,183
іло,182
ід_,182
_бо,180
мов,180
как,177
кій,177
_ма,177
р__,176
тіл,175
лос,175
оди,173
ши_,173
ну_,169
т__,169
_ті,168
_са,167
ак_,166
б__,166
_ба,165
ися,165
ска,164
вал,164
нув,164
ост,164
сто,163
_ду,163
вон,163
ов_,161
ала,160
аза,160
за_,160
був,159
сам,159
_со,158
_хо,158
_де,157
оли,157
під,156
нав,156
ось,154
__ф,152
ті_,152
раз,151
ої_,151
ім_,147
ним,147
сво,146
_ді,145
ьог,144
озо,143
ник,143
__ї,141
ова,141
зав,141
или,140
всі,140
лас,139
_мі,139
_кр,139
поч,138
ві_,137
_ка,135
_чо,135
_це,132
лоз,132
філ,132
ног,132
_фі,131
ни_,131
лис,130
зоф,130
уло,130
ва_,130
гол,128
ма_,128
є__,128
_ве,127
ить,127
тис,127
рав,126
соб,126
йом,126
_вж,126
_те,126
вже,125
лі_,125
ам_,125
би_,125
_ни,124
нов,124
_ти,124
одн,124
тро,123
ньо,123
обі,122
_па,122
вер,121
ючи,121
іть,120
дал,119
пов,119
див,119
це_,119
ров,118
_се,118
_об,118
_ж_,118
_да,118
дав,117
_но,116
ці_,116
аві,116
уже,115
вав,115
ний,115
_ча,115
ком,115
ще_,114
тьс,113
ься,113
сти,113
те_,113
де_,112
ди_,112
_ши,112
аки,112
се_,111
буд,111
ах_,111
ше_,111
ивс,110
_ра,110
_сл,110
чин,110
час,109
_нь,109
пра,108
ачи,108
бач,108
_зд,107
по_,107
ког,107
ими,106
_лю,106
мен,106
_зв,106
нач,105
ред,105
ня_,104
дин,104
яко,103
бі_,103
пок,102
ро_,102
ді_,102
ули,101
тав,100
с__,100
ожн,100
_зо,100
ри_,99
кий,99
_я_,99
ово,98
пот,97
стр,97
ула,97
под,96
іст,96
_ди,96
авс,96
_ос,96
ила,95
об_,95
ина,95
ля_,95
але,95
_дв,94
_ме,94
гор,94
ава,94
оді,94
кра,94
сло,93
ват,93
ич_,93
ист,93
_ва,93
ину,93
_ку,92
тра,92
ине,92
вор,92
дід,91
ень,91
_ус,90
ль_,90
ба_,90
_ру,90
иви,89
ини,89
мож,89
ося,88
йов,88
сві,88
дор,88
ш__,88
ви_,88
лив,88
все,87
оба,87
мал,87
дно,87
_си,87
оф_,86
ф__,86
вив,86
ори,86
аст,85
ськ,85
шин,85
ик_,85
г__,85
чі_,84
ійо,84
ву_,84
орі,84
она,83
сім,83
чер,83
сі_,83
ель,83
міс,82
шов,82
оті,82
вит,81
дов,81
пос,81
чог,81
най,80
яки,80
сті,80
_бі,79
_ще,79
ко_,79
ход,79
тор,79
оча,79
пан,79
рив,79
тар,78
рос,78
_че,78
дум,77
ей_,77
ино,77
ася,77
ивш,77
чив,77
кі_,77
вої,77
ту_,76
дом,76
рук,75
ньк,75
хоч,75
ича,75
нел,74
доб,74
ика,74
бо_,74
обр,73
чис,73
овс,73
ути,73
ара,73
роб,73
ван,72
омо,72
ця_,72
лен,72
ед_,72
ько,72
тал,72
гос,71
_гр,71
вел,71
_от,71
ння,70
зак,70
тре,70
вни,70
зда,70
кла,70
ра_,70
них,69
ніч,69
оби,69
_би,69
ду_,69
_др,68
пом,68
чор,68
они,68
_га,68
пет,68
там,68
люд,68
поб,68
щоб,68
реб,68
над,68
чит,68
аль,68
спр,67
_уж,67
нем,67
зов,67
ені,67
чув,67
гля,67
нат,66
ок_,66
сер,66
_кі,66
бли,66
ума,66
чав,66
нул,65
рі_,65
пор,65
_чу,65
ило,65
аюч,65
оти,64
амо,64
кам,64
нь_,64
рит,64
ає_,64
ой_,64
ели,64
ким,64
вар,64
коз,64
кри,63
кою,63
_шо,63
зат,63
анн,63
год,63
ай_,63
льн,62
_б_,62
дит,62
алі,62
ени,62
тан,61
пол,61
оза,61
мав,61
вил,61
_ці,61
том,61
рот,61
че_,61
во_,60
ову,60
омі,60
тог,60
аз_,60
ари,60
хто,60
ита,60
шис,60
тер,59
_ли,59
бог,59
_бе,59
овн,59
_су,59
ле_,59
сть,59
спи,59
іли,59
_ха,59
хи_,58
_ки,58
осо,58
ків,58
вій,58
две,58
азу,57
хом,57
_пл,57
дь_,57
кар,57
ага,57
ото,57
_ту,57
вид,57
_жи,57
зап,56
ас_,56
ке_,56
яти,56
вий,56
яв_,56
біл,56
той,56
вис,56
очу,56
вин,55
вік,55
рох,55
авш,55
тов,55
арт,55
уст,55
кав,55
дуж,55
ива,55
етр,55
рог,55
ез_,55
ром,54
ики,54
бра,54
вес,54
дру,54
лиц,54
чал,54
род,53
очи,53
сте,53
сил,53
нут,53
ька,53
юди,53
_бр,53
спо,53
_ін,53
рис,52
__и,52
бур,52
йшо,52
із_,52
_гл,52
авд,52
ер_,52
жна,52
рну,52
_ле,52
ча_,51
ані,51
еба,51
пин,51
ене,51
ома,51
аче,51
вля,51
рий,51
пог,51
ако,51
іг_,51
ога,51
ато,51
ші_,51
ода,51
_рі,50
вою,50
тим,50
їх_,50
ин_,50
ких,50
жив,50
зал,50
зно,50
абу,50
ги_,50
пал,50
гу_,50
руг,50
оже,50
_оч,50
неб,49
рош,49
_із,49
_хт,49
ано,49
оду,49
мо_,48
ков,48
рик,48
уть,48
оно,48
рим,48
ука,48
очк,48
ави,48
пит,48
зви,48
ест,48
інш,47
тат,47
ір_,47
ині,47
увш,47
її_,47
_ла,47
_її,47
иво,47
ної,47
ебе,47
ніш,47
есь,47
оч_,47
мат,46
кож,46
иці,46
вів,46
очі,46
олі,46
_ге,46
лод,46
аме,46
ном,46
рев,46
ічо,46
_ми,46
охи,46
три,46
ідь,46
_гу,46
рок,46
зам,46
без,45
одо,45
кої,45
амі,45
п__,45
ать,45
_ву,45
ока,44
кон,44
удь,44
лин,44
осл,44
нар,44
ем_,44
лян,44
ія_,44
аба,44
сом,44
увс,44
хат,44
ерт,43
уде,43
бе_,43
пів,43
бут,43
аро,43
_же,43
тім,43
око,43
ерк,43
ебу,43
пив,43
ною,43
ут_,43
обо,43
шо_,43
пле,42
чу_,42
лад,42
лят,42
тив,42
мер,42
воє,42
тод,42
піш,41
дві,41
_бл,41
ноч,41
ідо,41
ниц,41
от_,41
тя_,41
вам,41
ани,41
нен,41
нев,41
сту,41
ьом,41
емо,41
дні,41
_ша,41
_кл,41
окі,41
яка,41
_ал,40
ерш,40
дил,40
ито,40
ийш,40
кіл,40
ове,40
усі,40
елі,40
_зр,40
ття,40
нас,40
рам,40
нос,40
гар,40
іх_,40
уди,40
рал,39
аре,39
ік_,39
тру,39
ден,39
рів,39
теп,39
лич,39
дер,39
бит,39
ють,39
ачн,39
ад_,39
_пи,39
важ,39
які,39
лик,39
_їх,39
_лі,39
ру_,39
діл,38
аж_,38
всь,38
тів,38
зас,38
заб,38
трі,38
орт,38
ира,38
да_,38
ерн,38
бив,38
тоя,38
рез,38
жал,38
єть,38
ада,38
зом,37
слу,37
_вр,37
чим,37
дни,37
жит,37
ихо,37
ках,37
зві,37
_аж,37
зва,37
яну,37
тни,37
тел,37
рта,37
ері,37
аєт,37
іти,37
рин,36
ота,36
чен,36
вог,36
ичк,36
веч,36
гов,36
каж,36
чка,36
ша_,36
зу_,36
аке,36
мір,36
оми,36
_сх,36
ісц,36
рап,36
пус,36
рес,36
авн,36
огл,36
уюч,36
оги,36
міг,36
йшл,36
мін,36
ціл,36
наг,35
ляд,35
ьма,35
ора,35
анц,35
вод,35
льш,35
дів,35
гад,35
орн,35
огу,35
оси,35
леж,35
рах,35
ню_,35
ико,35
га_,35
мол,35
_ну,35
пис,35
ено,35
оки,35
вно,35
кор,35
_ри,35
вул,35
овг,35
ане,34
ішо,34
еть,34
епе,34
схо,34
лу_,34
сел,34
цер,34
ача,34
ама,34
смі,34
ида,34
їй_,34
упи,34
бок,34
різ,34
ар_,34
шен,34
ско,34
опи,34
оче,34
нам,34
мог,34
реш,34
дьм,33
ідн,33
тит,33
има,33
нає,33
тин,33
ять,33
сьо,33
яку,33
кал,33
_зі,33
ме_,33
ькі,33
кин,33
ьку,33
рож,33
іше,33
тоб,33
зі_,33
ями,33
рат,33
вол,33
ній,33
_вт,33
ху_,33
отн,33
_ше,33
сяк,32
рич,32
ць_,32
нес,32
имо,32
еї_,32
баг,32
ідк,32
енн,32
лю_,32
нак,32
туп,32
азо,32
_ят,32
_хв,32
обл,32
вча,32
ляв,32
_зб,32
ган,32
сіх,32
_жа,32
бри,31
цьо,31
оле,31
нія,31
аду,31
мор,31
щос,31
мот,31
айн,31
_пу,31
_ие,31
озк,31
опа,31
ору,31
_сі,31
ешт,31
вді,31
ячи,31
лиш,31
оку,31
тво,31
гра,31
ії_,31
ре_,31
уки,31
зир,31
асо,30
чол,30
ець,30
кру,30
_яв,30
гли,30
ран,30
дес,30
іч_,30
чно,30
для,30
__є,30
аго,30
сно,30
вир,30
урс,30
лом,30
_см,30
хай,30
дво,30
ізн,30
ідп,30
нал,30
душ,30
себ,30
лав,30
тут,30
апо,30
іда,30
поп,30
лів,30
виг,29
інк,29
тих,29
кну,29
гат,29
баб,29
чни,29
_ув,29
шу_,29
рил,29
нсь,29
риг,29
ряд,29
сви,29
_зе,29
бак,29
вго,29
кос,29
неї,29
еве,29
пар,29
івн,29
_ян,29
вих,29
вим,29
нно,29
_дл,29
віс,29
кін,28
инк,28
овч,28
нши,28
уха,28
нів,28
іва,28
_ре,28
тяг,28
ве_,28
зве,28
чай,28
іяк,28
нив,28
са_,28
ази,28
ась,28
нап,28
яла,28
іла,28
бер,28
чку,27
оту,27
ращ,27
дат,27
ече,27
кія,27
іко,27
скр,27
ців,27
слі,27
сот,27
ліз,27
_їй,27
їм_,27
низ,27
зув,27
_ць,27
ема,27
ркв,27
иві,27
ях_,27
ану,27
зка,27
сив,27
тил,27
нку,27
окл,27
пил,27
ена,27
_му,27
овл,27
хну,26
ріл,26
рти,26
_п_,26
чки,26
рад,26
ший,26
зди,26
дпо,26
раш,26
вра,26
юва,26
ете,26
нез,26
цьк,26
апл,26
або,26
ише,26
ухо,26
неп,26
_ло,26
цю_,26
_ок,26
інн,26
_зл,26
аля,26
ею_,26
нка,25
леч,25
ури,25
арн,25
_ху,25
іді,25
рет,25
ежа,25
аку,25
обу,25
дур,25
май,25
здо,25
спа,25
бат,25
тол,25
ают,25
кан,25
зем,25
отр,25
жно,25
хоп,25
ужи,25
рем,25
хов,25
ент,25
заг,25
нці,25
шли,25
кот,25
хви,25
наб,25
_вп,25
_зг,25
дна,25
вип,25
два,25
ідч,25
тик,25
рих,25
оїх,25
вст,25
аю_,25
пох,24
асн,24
спі,24
ітл,24
ашн,24
ьно,24
есе,24
ух_,24
_аб,24
ге_,24
гал,24
емл,24
арі,24
еля,24
йно,24
поз,24
иск,24
ицю,24
яли,24
шті,24
ніл,24
зад,24
еха,24
ола,24
ана,24
кім,24
іт_,24
иця,24
ози,24
охо,24
єї_,24
епа,23
сні,23
зро,23
сну,23
оїм,23
ата,23
дар,23
дра,23
бід,23
літ,23
тий,23
ств,23
гну,23
озм,23
крі,23
учи,23
лит,23
_оп,23
ект,23
доч,23
хот,23
ьни,23
ійш,23
ерц,23
рут,23
наз,23
бро,23
иго,23
йсь,23
еле,23
еві,23
тка,23
ипа,23
ійн,23
мна,23
апи,23
рид,23
зар,23
ие_,22
оса,22
озд,22
уті,22
озп,22
апк,22
лял,22
сув,22
лух,22
ха_,22
иту,22
рен,22
йти,22
емі,22
вір,22
асу,22
иль,22
ату,22
скі,22
рку,22
бре,22
оє_,22
роп,22
іка,22
дод,22
ква,22
опо,22
зби,22
люл,22
исл,22
ьше,22
тем,22
гла,22
юль,22
озі,22
ілк,22
лоп,22
роч,22
__е,21
озв,21
ажа,21
дол,21
іж_,21
чил,21
апа,21
річ,21
ор_,21
усь,21
уну,21
оте,21
аще,21
сид,21
нил,21
мні,21
чут,21
шап,21
зни,21
ичу,21
йни,21
бою,21
вда,21
дає,21
чат,21
су_,21
ечі,21
_вк,21
иса,21
аті,21
ажу,21
мі_,21
куд,21
еш_,21
тир,21
ріш,21
рса,21
ант,21
уги,21
нех,21
ям_,21
вті,21
іни,21
уся,20
іши,20
дзв,20
сла,20
ан_,20
пав,20
_вд,20
сли,20
дув,20
ахо,20
нер,20
оль,20
пля,20
сят,20
зго,20
бов,20
міт,20
кля,20
олу,20
дки,20
шит,20
ади,20
тли,20
жни,20
вні,20
рек,20
аже,20
імн,20
ішл,20
наю,20
мар,20
ман,20
тою,20
лек,20
лак,20
си_,19
зив,19
руш,19
_тв,19
ізь,19
_зм,19
одв,19
изн,19
ог_,19
сю_,19
віч,19
бил,19
_зу,19
икі,19
айм,19
хал,19
спе,19
емн,19
ичи,19
уля,19
_вз,19
кух,19
взя,19
айд,19
док,19
глу,19
пат,19
інь,19
лід,19
айт,19
ніс,19
кат,19
икл,19
стя,19
дчу,19
удн,19
ідс,19
ніж,19
ох_,19
вос,19
кли,19
_кв,19
нит,19
ітн,19
вик,19
лет,19
нце,19
має,19
пла,19
_дн,19
овк,19
вищ,19
гом,19
ига,19
пад,19
одр,19
иве,19
ерх,19
біг,19
оял,19
вом,19
_ід,18
ію_,18
бож,18
деп,18
очн,18
ляр,18
нік,18
л__,18
анс,18
ляг,18
іля,18
тку,18
цем,18
_жі,18
жін,18
ояв,18
сін,18
_вл,18
сад,18
_яс,18
маб,18
рни,18
гот,18
яга,18
тьк,18
ос_,18
хут,18
жні,18
яло,18
еся,18
ібн,18
од_,18
сор,18
шно,18
аси,18
ток,18
рно,18
_ог,18
арб,18
льс,18
плю,18
єш_,18
куп,18
няв,18
діт,18
_иа,18
вед,18
оля,18
ело,18
жен,18
одя,18
тій,18
ген,18
осп,18
ийс,17
_шв,17
рег,17
кув,17
урн,17
гою,17
итт,17
ясн,17
_є_,17
нял,17
ачу,17
бар,17
ляк,17
умк,17
сит,17
ажи,17
аць,17
яте,17
аді,17
тін,17
реп,17
_сн,17
кур,17
игл,17
_хл,17
мис,17
яви,17
гий,17
гти,17
апу,17
рун,17
ідд,17
аби,17
гул,17
гри,17
сун,17
уби,17
рбу,17
гет,17
аве,17
езн,17
осе,17
існ,17
неч,17
сак,17
шма,17
льо,17
бот,17
ев_,17
авж,17
шло,17
лед,17
иа_,17
иро,17
ріс,17
уси,17
рас,17
лег,17
ош_,16
кид,16
доп,16
змо,16
зан,16
іте,16
дир,16
дда,16
адк,16
наш,16
окр,16
бу_,16
мно,16
дій,16
кро,16
хре,16
иді,16
шла,16
руч,16
піс,16
сця,16
дух,16
тно,16
ечи,16
вту,16
лат,16
кус,16
іс_,16
кап,16
ічн,16
тіш,16
льц,16
хил,16
лон,16
_оз,16
оні,16
рто,16
ен_,16
рон,16
_кн,16
кни,16
ику,16
пон,16
зяв,16
рко,16
ртв,16
адо,16
івш,16
оне,16
яке,16
теб,16
ірк,16
ису,16
таб,16
оєї,16
ісі,16
ваю,16
гро,16
іно,16
руд,16
озу,16
явс,16
ерд,16
ріб,16
уко,16
шко,15
рт_,15
дан,15
рма,15
іна,15
риб,15
луж,15
чна,15
шка,15
зах,15
свя,15
дня,15
рия,15
шеп,15
арк,15
ваш,15
_ур,15
_дз,15
рип,15
мин,15
ири,15
уго,15
икн,15
уху,15
ерв,15
_хр,15
зик,15
шом,15
нім,15
ичч,15
ідб,15
йма,15
тув,15
шту,15
скл,15
аря,15
ебі,15
мів,15
_ля,15
іби,15
шив,15
хав,15
риз,15
бру,15
лко,15
пас,15
озл,15
ивн,15
дос,15
_ци,15
ліс,15
озб,15
ішн,15
риш,15
оя_,15
точ,15
ршу,15
іші,15
жди,15
ид_,15
син,15
бік,15
дам,15
апр,15
вкр,15
лиз,15
иня,15
мит,15
обе,15
_ут,15
дну,15
фа_,15
зум,15
офа,15
яд_,15
уши,15
маг,14
утн,14
мус,14
азі,14
киш,14
ята,14
зо_,14
чко,14
еру,14
идн,14
кре,14
іта,14
лін,14
еті,14
тух,14
ідв,14
тки,14
ніх,14
цям,14
шки,14
шог,14
нни,14
епи,14
еге,14
опр,14
яни,14
авл,14
апі,14
он_,14
зла,14
ера,14
віл,14
шні,14
_шт,14
нок,14
іду,14
люб,14
сів,14
люв,14
тої,14
нко,14
укн,14
єте,14
_ан,14
иче,14
уче,14
ьми,14
зен,14
рей,14
_вч,14
тен,14
удо,14
іша,14
лий,14
шал,14
міх,14
рбо,14
зво,14
_шк,14
рел,14
шим,14
мій,14
аву,14
кут,14
мим,14
иш_,14
нах,14
ніб,14
ємн,14
кна,14
тве,14
уша,14
чах,14
івс,14
опі,14
зос,14
дко,14
ияв,14
мос,14
уто,14
алу,14
дач,14
усе,14
нні,14
ряв,14
жав,14
зь_,13
акл,13
мни,13
либ,13
дне,13
чих,13
аєш,13
ілу,13
уві,13
ирі,13
ерп,13
осі,13
упа,13
сон,13
ожи,13
губ,13
лот,13
едв,13
ніг,13
рой,13
сал,13
жах,13
йде,13
зли,13
мет,13
шни,13
ият,13
дка,13
рне,13
ож_,13
йте,13
сці,13
риє,13
ішк,13
уку,13
вла,13
иву,13
узи,13
аво,13
ягл,13
дей,13
пки,13
цей,13
рна,13
умі,13
тям,13
шку,13
рше,13
оня,13
ітк,13
онь,13
бир,13
атн,13
зьк,13
вжд,13
мик,13
даю,13
_шу,13
ст_,13
сип,13
пір,13
нед,13
явт,13
їха,13
нта,13
осв,13
вят,13
ево,13
гам,13
епо,13
лог,12
ище,12
рця,12
ечо,12
між,12
ісл,12
анк,12
рін,12
рех,12
сни,12
асл,12
мою,12
ухн,12
ряч,12
зга,12
сов,12
інц,12
пош,12
агл,12
іцн,12
міц,12
орд,12
дст,12
стк,12
міш,12
иша,12
еде,12
абр,12
ибо,12
ижч,12
ьке,12
__r,12
_лу,12
_ря,12
жу_,12
рої,12
змі,12
рті,12
отя,12
рії,12
овш,12
яні,12
уму,12
рсь,12
евн,12
зай,12
айш,12
рол,12
код,12
лес,12
иха,12
ьов,12
оря,12
явл,12
шви,12
исо,12
рце,12
убо,12
ням,12
мак,12
юде,12
ьох,12
чуд,12
дто,12
ят_,12
зне,12
иби,12
вов,12
агн,12
тул,12
міч,12
ите,12
дий,12
каю,12
оде,12
іхт,12
тні,12
іро,12
оше,12
гір,12
иди,12
оєм,12
дрі,12
пап,12
кул,12
жку,12
мац,12
нин,12
пре,12
гав,12
жил,12
ншо,12
азн,12
сід,11
ску,11
хло,11
вай,11
тьм,11
віш,11
пчи,11
ойн,11
нят,11
ілі,11
рні,11
рво,11
ахн,11
ьсь,11
нки,11
лим,11
нди,11
дло,11
шил,11
кес,11
йня,11
асі,11
апт,11
дчи,11
ару,11
хо_,11
чет,11
раю,11
идк,11
уре,11
еди,11
пев,11
юби,11
ипи,11
мий,11
чеп,11
виб,11
_ох,11
моя,11
_ім,11
ачі,11
_сь,11
цях,11
ур_,11
дри,11
_шм,11
_йш,11
овб,11
кто,11
тає,11
_іс,11
изе,11
уба,11
_ег,11
нця,11
кит,11
лил,11
азд,11
сем,11
топ,11
гон,11
кві,11
ниг,11
его,11
озн,11
хол,11
иші,11
піз,11
_ук,11
оме,11
сок,11
шук,11
ерж,11
пли,11
уве,11
лув,11
шля,11
илі,11
атр,11
айж,11
енш,11
инн,11
мом,11
иєм,11
кви,11
зів,11
ань,11
іди,11
бом,11
теж,11
ря_,11
_зи,11
пку,11
рка,11
аше,11
ски,11
сля,11
што,11
нті,11
вко,11
еко,11
лих,11
іся,11
иря,11
іде,11
авк,11
влю,11
ідл,11
яво,11
вчи,11
иши,11
ута,11
лки,11
іжк,11
уль,10
іті,10
ятт,10
ате,10
ерб,10
айо,10
зол,10
адц,10
сан,10
ажн,10
тож,10
ває,10
яюч,10
опу,10
яно,10
_іш,10
йже,10
_мр,10
тур,10
коч,10
бор,10
млі,10
ир_,10
ієт,10
имі,10
цар,10
зи_,10
еку,10
ших,10
лоб,10
тай,10
всю,10
еро,10
итк,10
нту,10
ічк,10
акр,10
_гі,10
исн,10
луб,10
оши,10
сол,10
пур,10
хво,10
жі_,10
дою,10
зля,10
_яр,10
ивл,10
абл,10
_шл,10
оск,10
ижа,10
рух,10
сук,10
ляч,10
пам,10
екл,10
боя,10
мил,10
їзд,10
итр,10
сьм,10
опл,10
сяч,10
аца,10
ідт,10
руж,10
_їм,10
асм,10
тьо,10
луп,10
ери,10
ізв,10
дьо,10
_ht,10
рдо,10
жув,10
уса,10
іба,10
рец,10
дця,10
ймн,10
__ю,10
утк,10
_оц,10
зня,10
дог,10
аєм,10
тю_,10
едн,10
вен,10
чем,10
ріп,10
рьо,10
__h,10
воз,10
одл,10
зач,10
сар,10
аде,10
епч,10
ела,10
пка,10
еда,10
бто,10
дот,10
жат,10
еза,10
тиг,10
ат_,10
вка,10
вну,10
ікн,10
рід,10
ігт,10
сяц,9
уро,9
жче,9
усм,9
ети,9
пса,9
_пс,9
ащо,9
ниж,9
чне,9
ежн,9
тір,9
чом,9
аху,9
іш_,9
офі,9
яда,9
рям,9
езп,9
айс,9
игн,9
здр,9
оце,9
тон,9
офе,9
плі,9
щен,9
_фа,9
утт,9
іку,9
діс,9
тей,9
спл,9
рва,9
чум,9
зор,9
інч,9
зіб,9
авц,9
иті,9
ччя,9
єм_,9
чів,9
адн,9
ице,9
ней,9
рди,9
_вв,9
дяч,9
бан,9
вки,9
лах,9
дяк,9
охв,9
зій,9
есп,9
сме,9
зуб,9
вух,9
нна,9
мах,9
іще,9
ашо,9
зрі,9
ушу,9
ібр,9
дут,9
ерс,9
рту,9
вах,9
шоб,9
озг,9
_іщ,9
зил,9
дек,9
лаз,9
лан,9
льм,9
зпо,9
уря,9
уни,9
_дя,9
узя,9
тіх,9
вди,9
_тя,9
бав,9
зац,9
уна,9
зні,9
луш,9
жка,9
бла,9
апе,9
нич,9
уво,9
усю,9
реч,9
міл,9
_сю,9
їв_,9
каш,9
жаю,9
есл,9
ьор,9
якб,9
исі,9
офо,9
кби,9
іме,9
жут,9
сюд,9
осн,9
ошк,9
чей,9
еча,9
одм,9
жли,9
илу,9
тва,9
ріт,9
уше,8
раб,8
вби,8
кло,8
ону,8
овз,8
_уб,8
пак,8
гаю,8
аса,8
ийн,8
лук,8
цел,8
чух,8
ошн,8
ьце,8
грі,8
іл_,8
міє,8
зду,8
чя_,8
нян,8
нею,8
онн,8
піт,8
уші,8
тиш,8
_ro,8
ієї,8
lli,8
вне,8
аск,8
нан,8
lib,8
сце,8
ib_,8
атк,8
єму,8
ярм,8
сма,8
муз,8
b__,8
лам,8
явш,8
їсь,8
укр,8
йду,8
оїс,8
ета,8
all,8
бид,8
yal,8
пек,8
хан,8
рши,8
roy,8
зд_,8
иць,8
еви,8
_йд,8
дай,8
алю,8
oya,8
идв,8
бад,8
тун,8
ун_,8
лля,8
адз,8
іче,8
дше,8
млю,8
адт,8
аші,8
_хі,8
кає,8
аня,8
опе,8
лющ,8
ява,8
йну,8
гог,8
чір,8
_ум,8
лаш,8
ебо,8
зел,8
_уз,8
олю,8
авт,8
сне,8
сіл,8
ену,8
дці,8
_уп,8
цят,8
ідм,8
злі,8
асп,8
уск,8
рою,8
айк,8
лаг,8
изи,8
виз,8
мре,8
дім,8
шої,8
хар,8
чок,8
ерл,8
оці,8
івк,8
ирк,8
оню,8
уду,8
ьні,8
вия,8
ярі,8
__ґ,8
бон,8
айб,8
име,8
ляю,8
зус,8
ач_,8
жид,8
куч,8
аха,8
онц,8
ежи,8
нші,8
мки,8
еса,8
рус,8
щив,8
тук,8
адж,8
итл,8
мка,8
иму,8
стю,8
іне,8
вія,8
лиж,8
чні,8
иле,8
шок,8
уте,8
дже,8
гру,8
тек,8
ції,8
уга,8
ржа,8
дку,8
яву,8
вас,7
пто,7
щі_,7
ївс,7
рці,7
_вм,7
сен,7
уда,7
ищи,7
сут,7
аги,7
жи_,7
тік,7
нео,7
ебт,7
ушн,7
вду,7
гук,7
лою,7
меж,7
чіп,7
едо,7
угл,7
бле,7
вто,7
виж,7
яді,7
тач,7
еря,7
чар,7
тло,7
хіт,7
дик,7
шар,7
ища,7
ошу,7
кти,7
ожі,7
хлі,7
тсь,7
вги,7
ипл,7
вус,7
_яз,7
вна,7
лях,7
рім,7
унд,7
епр,7
ітр,7
опц,7
овх,7
бал,7
блі,7
ійм,7
жки,7
вре,7
улі,7
оре,7
ожу,7
бій,7
чул,7
ека,7
гус,7
ухи,7
ідх,7
чик,7
огн,7
пту,7
тую,7
брі,7
егі,7
впа,7
лал,7
гід,7
єві,7
дхо,7
еді,7
яду,7
озз,7
біз,7
шир,7
жко,7
еню,7
ишн,7
хів,7
чуж,7
руб,7
тич,7
мне,7
_їз,7
ує_,7
аша,7
есу,7
озс,7
щод,7
ичн,7
ирн,7
икр,7
_он,7
тви,7
уч_,7
кіс,7
дію,7
емт,7
ліп,7
гей,7
гур,7
адв,7
зпе,7
оїт,7
_вн,7
ехр,7
_фр,7
оші,7
лап,7
дли,7
зят,7
оїй,7
емр,7
мря,7
ітт,7
нет,7
трь,7
віз,7
руп,7
люч,7
ибу,7
кію,7
уп_,7
вте,7
іма,7
езл,7
яди,7
іки,7
тня,7
баж,7
еяк,7
дея,7
цік,7
бам,7
есн,7
дия,7
чаю,7
l__,7
впр,7
зую,7
вув,7
дкл,7
йда,7
_ів,7
івч,7
чці,7
клі,7
стн,7
джу,7
луз,7
іха,7
ечн,7
иси,7
таю,7
сій,7
дба,7
яті,7
хіб,7
раж,7
изь,7
кно,7
їми,6
мув,6
ахи,6
ярн,6
віц,6
вва,6
схи,6
іцм,6
ято,6
ійс,6
цму,6
мун,6
впі,6
жер,6
ваг,6
ету,6
_ой,6
_ца,6
шев,6
ячі,6
нащ,6
рх_,6
рду,6
пі_,6
збу,6
изу,6
рай,6
рли,6
_жу,6
бус,6
ідр,6
вле,6
очо,6
іту,6
лип,6
ежк,6
идш,6
юсь,6
осх,6
нюх,6
лої,6
чез,6
ийд,6
няч,6
нец,6
обс,6
ююч,6
кач,6
чий,6
іпк,6
кас,6
буб,6
егк,6
амк,6
іхн,6
иг_,6
сму,6
вці,6
жне,6
аш_,6
еми,6
иде,6
_уд,6
ашт,6
ядь,6
рхо,6
дме,6
чел,6
зма,6
пці,6
дас,6
рпн,6
цап,6
нкі,6
_ші,6
шіс,6
рк_,6
зба,6
ожц,6
пну,6
ьмо,6
яче,6
гло,6
упр,6
іня,6
зял,6
дем,6
пря,6
сум,6
инь,6
іпи,6
прі,6
ягт,6
рсі,6
щас,6
лун,6
мас,6
іпл,6
_ав,6
ліч,6
ігу,6
фов,6
узу,6
ук_,6
шпи,6
_шп,6
диц,6
игу,6
дія,6
урз,6
дим,6
ща_,6
рею,6
ева,6
іхи,6
жме,6
дят,6
a__,6
_ця,6
вня,6
яця,6
гши,6
ум_,6
_ся,6
рла,6
арм,6
дмо,6
хні,6
рає,6
чну,6
кош,6
буй,6
заз,6
ьме,6
сат,6
рій,6
гна,6
__c,6
орч,6
нег,6
ірц,6
пиш,6
дет,6
азя,6
зде,6
їть,6
орл,6
оят,6
хва,6
ргу,6
бні,6
дис,6
_co,6
вох,6
поо,6
уча,6
тже,6
убі,6
отж,6
ожо,6
ізд,6
ршо,6
кум,6
йст,6
па_,6
ниш,6
тко,6
етв,6
ttp,6
шне,6
чає,6
пій,6
йна,6
ушк,6
htt,6
орг,6
иду,6
вдо,6
рак,6
уют,6
дож,6
пи_,6
ічі,6
оху,6
еня,6
_вг,6
сек,6
ьст,6
арс,6
юну,6
фи_,6
мон,6
ожл,6
com,6
дмі,6
бни,6
итв,6
офи,6
иєв,6
іск,6
іри,6
киє,6
плу,6
епт,6
идо,5
ійт,5
екр,5
вку,5
дря,5
пут,5
йбі,5
иги,5
овт,5
нац,5
нчу,5
хую,5
чиш,5
вбі,5
ідш,5
бас,5
_жо,5
рях,5
вад,5
шат,5
жин,5
зяй,5
еє_,5
еод,5
мут,5
ігл,5
туд,5
вце,5
цих,5
івл,5
лют,5
чот,5
суш,5
епл,5
аці,5
ющи,5
рча,5
рія,5
учн,5
боц,5
ьши,5
шиб,5
тле,5
діб,5
хли,5
учо,5
_цв,5
пир,5
ишк,5
поя,5
нао,5
втр,5
уйн,5
хід,5
паш,5
яжк,5
нто,5
хаю,5
дбу,5
яг_,5
ічи,5
ччі,5
щій,5
пах,5
рсу,5
хню,5
елю,5
мкн,5
тде,5
охі,5
шам,5
ятк,5
обд,5
охм,5
ршк,5
ягн,5
нот,5
неш,5
мід,5
адь,5
одс,5
збі,5
ліш,5
вз_,5
мої,5
ибі,5
дси,5
гим,5
роф,5
_єд,5
яна,5
бец,5
піл,5
єди,5
чеш,5
тна,5
риц,5
шна,5
вез,5
туз,5
сія,5
муч,5
рищ,5
пти,5
іле,5
хаз,5
орш,5
клу,5
киї,5
оз_,5
оха,5
йо_,5
імо,5
иїв,5
лут,5
урб,5
луч,5
убл,5
вро,5
кую,5
сав,5
упк,5
бол,5
ега,5
ядн,5
йме,5
арв,5
ире,5
иля,5
жар,5
щок,5
нша,5
абі,5
иеб,5
оща,5
хам,5
срі,5
зми,5
мух,5
_ср,5
нуч,5
маю,5
ийм,5
миг,5
амп,5
енс,5
ерг,5
цев,5
омн,5
іну,5
вми,5
__g,5
мля,5
пож,5
кле,5
яху,5
ил_,5
епу,5
ьця,5
ахі,5
іял,5
бля,5
ріж,5
жий,5
мці,5
йне,5
жає,5
юха,5
агр,5
пел,5
екі,5
тла,5
цюв,5
тря,5
имн,5
аму,5
дби,5
лищ,5
онк,5
ияк,5
утр,5
азв,5
іча,5
иру,5
жа_,5
мпа,5
цін,5
сир,5
дго,5
езг,5
раї,5
впе,5
__m,5
ущі,5
биш,5
іпа,5
авп,5
угі,5
ет_,5
тах,5
ніз,5
рещ,5
_о_,5
ую_,5
рба,5
ооб,5
деш,5
епн,5
іза,5
зір,5
_жм,5
їхн,5
щів,5
нте,5
гай,5
_ю_,5
ірш,5
сур,5
ичі,5
нше,5
дзи,5
жих,5
бно,5
жур,5
чоб,5
шав,5
фе_,5
рач,5
тві,5
рік,5
джи,5
чую,5
чев,5
вк_,5
ард,5
зме,5
урт,5
ашм,5
баш,5
рло,5
амн,5
нє_,4
ніт,4
неа,4
гої,4
пен,4
ріг,4
ядж,4
агу,4
еаб,4
угу,4
бия,4
айв,4
джа,4
ашл,4
тос,4
овж,4
зра,4
дпе,4
роє,4
_гн,4
цею,4
хня,4
ліг,4
еки,4
кне,4
дич,4
дош,4
яне,4
лем,4
отл,4
сяй,4
шум,4
збо,4
реж,4
пув,4
ціє,4
одч,4
обг,4
ірв,4
_уя,4
ряп,4
лку,4
кву,4
чкі,4
ерщ,4
бай,4
рщі,4
тяж,4
лоч,4
ухі,4
нче,4
кун,4
уяв,4
ибе,4
тиб,4
ляс,4
ипр,4
обв,4
воя,4
вця,4
жнь,4
_вб,4
айп,4
бго,4
_хм,4
зси,4
вот,4
унк,4
езо,4
_ор,4
ізт,4
умо,4
зти,4
дкр,4
бну,4
ибл,4
щог,4
ажк,4
бін,4
гне,4
бло,4
люн,4
уми,4
туг,4
суд,4
іяв,4
зну,4
пта,4
івц,4
паю,4
упн,4
опт,4
тот,4
есі,4
жеш,4
урд,4
дян,4
ужн,4
вга,4
бря,4
мію,4
онд,4
дя_,4
йди,4
ьої,4
тне,4
язи,4
шів,4
хро,4
идя,4
пої,4
лез,4
акт,4
збр,4
фів,4
пе_,4
зпл,4
рзь,4
єва,4
уйт,4
кте,4
упу,4
вчу,4
тиц,4
кущ,4
фра,4
тум,4
мча,4
ачк,4
еду,4
мті,4
мед,4
одк,4
бух,4
рчи,4
дон,4
щал,4
еме,4
дах,4
m__,4
om_,4
озт,4
сах,4
якр,4
чек,4
_ль,4
іра,4
зло,4
егл,4
рст,4
шел,4
бах,4
кіш,4
іні,4
_уч,4
біж,4
нід,4
жчи,4
ижк,4
ієв,4
уге,4
еж_,4
кіє,4
шей,4
виш,4
яча,4
хор,4
алл,4
цим,4
ожа,4
іре,4
етю,4
хус,4
__i,4
i__,4
вба,4
лям,4
ірн,4
пне,4
дяг,4
хож,4
ето,4
_ун,4
из_,4
гуч,4
ісь,4
цни,4
авм,4
аїв,4
зпи,4
шну,4
_тю,4
хап,4
едп,4
тют,4
ззя,4
тюн,4
ютю,4
осм,4
огр,4
ухл,4
пун,4
янн,4
анч,4
пух,4
нцю,4
йца,4
шта,4
вви,4
обн,4
ужб,4
кай,4
ейц,4
узо,4
изл,4
буз,4
яйк,4
зри,4
йку,4
дпи,4
імд,4
вей,4
мде,4
іхо,4
енк,4
шве,4
чеб,4
авч,4
рда,4
фес,4
ятд,4
пін,4
htm,4
зит,4
tml,4
дро,4
епі,4
уня,4
печ,4
дуч,4
ляє,4
меш,4
рув,4
дед,4
клю,4
жну,4
зин,4
ядо,4
зле,4
нях,4
ояс,4
лею,4
поц,4
мле,4
олк,4
аши,4
_йт,4
la_,4
ola,4
kol,4
мох,4
ура,4
щу_,4
ной,4
еше,4
жог,4
_ru,4
ru_,4
хри,4
u__,4
янс,4
вмі,4
єю_,4
мив,4
кив,4
ощі,4
_go,4
gog,4
ogo,4
gol,4
ol_,4
мую,4
_mi,4
зре,4
mik,4
iko,4
рхи,4
діє,4
ая_,4
мач,4
тіє,4
оїд,4
ядк,4
гни,4
всп,4
огт,4
дкі,4
діш,4
хти,4
вхн,4
_їв,4
жов,4
сус,4
бен,4
иог,4
рят,4
есо,4
йкр,4
иню,4
_ов,4
щий,4
шув,4
ліц,3
гні,3
_щи,3
гає,3
нор,3
_еф,3
чущ,3
йко,3
иі_,3
игр,3
озе,3
сва,3
рпі,3
_аг,3
езс,3
овп,3
цві,3
зко,3
ваи,3
_іт,3
аио,3
ччю,3
чю_,3
фек,3
шем,3
асв,3
ефе,3
чан,3
мам,3
щир,3
ио_,3
хта,3
іян,3
ахт,3
ідж,3
юдн,3
мну,3
рг_,3
нти,3
шию,3
діз,3
чаї,3
обт,3
езв,3
кір,3
бві,3
дви,3
улк,3
чам,3
зся,3
урк,3
тиж,3
іве,3
кт_,3
боб,3
обх,3
мур,3
нст,3
иза,3
нчи,3
нод,3
жде,3
дді,3
лац,3
ізо,3
умн,3
дої,3
зок,3
хму,3
вха,3
ьо_,3
кер,3
еси,3
зді,3
хос,3
ежі,3
чук,3
пко,3
ішу,3
цеб,3
іса,3
одд,3
лік,3
ює_,3
циг,3
ушо,3
оша,3
осу,3
їла,3
оїл,3
жец,3
оюв,3
арш,3
иїх,3
ипу,3
жця,3
фом,3
ртя,3
ачц,3
ьок,3
ужі,3
тяк,3
гац,3
їда,3
іго,3
вче,3
тті,3
_хи,3
ьте,3
ьві,3
льв,3
щем,3
їде,3
_ад,3
tp_,3
p__,3
упц,3
ідз,3
згі,3
дих,3
гі_,3
щох,3
ml_,3
озч,3
аща,3
впл,3
жує,3
яє_,3
івг,3
осс,3
зоч,3
иям,3
мел,3
хме,3
ишо,3
жух,3
миш,3
япа,3
мку,3
рня,3
ечу,3
яс_,3
тлу,3
ибк,3
риж,3
енд,3
леб,3
вси,3
ием,3
ипе,3
орк,3
дсм,3
идж,3
йні,3
тню,3
_гв,3
пни,3
ште,3
мія,3
_ня,3
_i_,3
рир,3
нча,3
_щі,3
онч,3
туа,3
уар,3
гле,3
уно,3
коп,3
нтс,3
ліл,3
_жв,3
жва,3
коє,3
жуч,3
бес,3
хув,3
ибр,3
орс,3
циб,3
ряб,3
ржи,3
гре,3
еща,3
егш,3
хен,3
ихе,3
шос,3
ирь,3
ягш,3
зьм,3
tps,3
ps_,3
s__,3
лош,3
ус_,3
лім,3
ідг,3
іют,3
ии_,3
уру,3
пна,3
яри,3
иик,3
тіс,3
шій,3
чес,3
нда,3
іру,3
люю,3
іря,3
юще,3
няю,3
яйв,3
жій,3
оїз,3
аїн,3
вкл,3
сль,3
ьоз,3
ріх,3
жод,3
ячн,3
гся,3
цні,3
ягс,3
хві,3
дню,3
рчм,3
рві,3
удк,3
муд,3
рмо,3
пру,3
цуп,3
ібл,3
ляш,3
вжн,3
иба,3
вря,3
орб,3
лощ,3
рді,3
едч,3
теч,3
ітс,3
чус,3
щіл,3
упі,3
дре,3
удр,3
нещ,3
ипі,3
илю,3
еже,3
туж,3
ирч,3
гка,3
ісо,3
_мл,3
ідц,3
ивд,3
дьк,3
бун,3
авр,3
блу,3
аї_,3
ізе,3
зст,3
суч,3
_ґу,3
ойт,3
пич,3
одш,3
гак,3
пу_,3
івт,3
рю_,3
учі,3
зьб,3
ешк,3
_ґа,3
ґан,3
юду,3
иї_,3
урм,3
ашк,3
вде,3
їти,3
туш,3
убе,3
ячу,3
ип_,3
ежо,3
ґуд,3
сіш,3
лка,3
шлю,3
озр,3
итя,3
яст,3
хог,3
сух,3
дір,3
илл,3
ошл,3
каб,3
рки,3
бди,3
тну,3
ючн,3
доз,3
ілл,3
ьму,3
щав,3
_ща,3
днь,3
_уш,3
сиб,3
дті,3
ряк,3
еп_,3
удз,3
тяч,3
гих,3
оюс,3
ізу,3
лір,3
ллю,3
кщо,3
_ух,3
вчк,3
якщ,3
риї,3
кет,3
_фу,3
іпо,3
учк,3
іво,3
лей,3
одг,3
омк,3
біс,3
жач,3
іжн,3
іжи,3
ізл,3
твя,3
вяк,3
тия,3
ихі,3
еби,3
етх,3
вет,3
иян,3
ажі,3
дша,3
лох,3
суп,3
цно,3
нне,3
пло,3
елл,3
рая,3
айл,3
вії,3
уб_,3
алк,3
хра,3
тас,3
іщи,3
сна,3
щин,3
зсе,3
воу,3
пно,3
бис,3
гах,3
тзн,3
лач,3
пущ,3
дуб,3
рга,3
зки,3
яві,3
удя,3
мих,3
ирт,3
ймо,3
ртз,3
_ат,3
_ік,3
бна,2
ярс,2
обз,2
шву,2
іжж,2
ьшо,2
шкв,2
дец,2
деб,2
езі,2
рію,2
виї,2
янц,2
_зч,2
зча,2
ужл,2
йка,2
аок,2
епк,2
щик,2
_їн,2
сяд,2
men,2
_шр,2
івр,2
яго,2
ліх,2
зіг,2
ігн,2
тіт,2
дзн,2
дук,2
атя,2
йки,2
лії,2
біц,2
ищо,2
іця,2
йви,2
сул,2
яшк,2
уме,2
тая,2
піч,2
одь,2
ірл,2
йця,2
аїт,2
одц,2
авз,2
укі,2
бір,2
ямо,2
нош,2
яці,2
жет,2
бме,2
обм,2
енз,2
иом,2
ією,2
шуч,2
уць,2
веш,2
їнк,2
зыв,2
зче,2
тзы,2
uth,2
tho,2
hor,2
or_,2
r__,2
охл,2
шия,2
уза,2
іпр,2
отз,2
уєт,2
влі,2
ніп,2
нну,2
имч,2
aut,2
ыв_,2
_au,2
моє,2
mme,2
nt_,2
t__,2
ошт,2
ижн,2
жим,2
omm,2
тст,2
пцю,2
_єс,2
єст,2
вчо,2
ьну,2
деж,2
иге,2
соч,2
__a,2
рюю,2
лаж,2
жжя,2
_эл,2
фія,2
едм,2
кря,2
ябл,2
_яб,2
пуц,2
ent,2
заш,2
втя,2
яєт,2
__э,2
что,2
виц,2
_чт,2
ряж,2
ущу,2
ущи,2
іві,2
эле,2
ктр,2
биб,2
лио,2
оєю,2
_цу,2
евс,2
цур,2
ерз,2
чад,2
ахл,2
_яч,2
шню,2
_ап,2
тес,2
заж,2
оцу,2
имс,2
мсь,2
еке,2
иот,2
льщ,2
ьць,2
сір,2
ифі,2
атт,2
дех,2
рюш,2
юшк,2
омл,2
іям,2
мок,2
сос,2
зтр,2
_дж,2
риф,2
лій,2
шид,2
дул,2
хас,2
сик,2
ибш,2
бин,2
пік,2
_йм,2
ехт,2
сий,2
оус,2
авв,2
дке,2
іце,2
іи_,2
дяд,2
гин,2
всу,2
іву,2
ьби,2
гем,2
урх,2
умп,2
чии,2
_тн,2
рул,2
гке,2
тнт,2
оп_,2
тии,2
_мч,2
йдо,2
вге,2
кен,2
ишу,2
охр,2
ліж,2
шкі,2
мло,2
рпа,2
арп,2
шан,2
ул_,2
зує,2
_цю,2
ірч,2
фал,2
ноз,2
бую,2
ехо,2
шую,2
пии,2
іб_,2
зуч,2
_ял,2
отк,2
ічч,2
йлі,2
сою,2
мод,2
иїд,2
вап,2
ухр,2
йча,2
ілю,2
згл,2
зпр,2
мир,2
хир,2
тид,2
мрі,2
моз,2
іюв,2
маш,2
нке,2
ьчи,2
илк,2
льч,2
ітя,2
тят,2
ишт,2
віщ,2
іщо,2
аям,2
іят,2
зза,2
бси,2
рзі,2
тєв,2
ттє,2
мти,2
чак,2
нус,2
арг,2
лює,2
ісп,2
йбу,2
адл,2
дшт,2
жем,2
ічц,2
зау,2
ию_,2
аув,2
льт,2
деч,2
теє,2
яси,2
ямі,2
ивч,2
рощ,2
вти,2
бка,2
онт,2
адр,2
фро,2
охн,2
сня,2
рху,2
нт_,2
_зз,2
чуч,2
жак,2
хит,2
идл,2
ріщ,2
хля,2
жце,2
жці,2
діж,2
_чх,2
орю,2
ргн,2
заї,2
їжд,2
ждж,2
еще,2
едр,2
пця,2
даш,2
бох,2
дле,2
езм,2
ишл,2
ькн,2
ойд,2
чо_,2
гоп,2
сую,2
сьб,2
_єш,2
уню,2
імц,2
ьшк,2
авб,2
уз_,2
шач,2
иеї,2
_е_,2
хає,2
рде,2
_ул,2
ртр,2
їст,2
віх,2
тях,2
іии,2
_їс,2
рп_,2
иие,2
одж,2
ушт,2
куш,2
всо,2
пиг,2
ткн,2
мец,2
сио,2
ллі,2
нюш,2
вжк,2
дін,2
уді,2
гуд,2
шва,2
инц,2
кті,2
жиж,2
дел,2
ійк,2
ущо,2
ике,2
іга,2
вдр,2
луг,2
урі,2
йся,2
бне,2
рша,2
уне,2
арж,2
суб,2
езр,2
таг,2
мид,2
урч,2
ояч,2
рац,2
дпр,2
ркн,2
юка,2
елу,2
одп,2
вун,2
_цо,2
цок,2
вве,2
тву,2
кип,2
рля,2
шлу,2
цвя,2
миї,2
евд,2
фам,2
_зс,2
ьне,2
іє_,2
сіє,2
_чі,2
оть,2
сіб,2
вза,2
хмі,2
рян,2
вях,2
ябо,2
шнь,2
ьна,2
_ґр,2
впу,2
лти,2
дла,2
сле,2
ряс,2
азе,2
юно,2
тв_,2
іхі,2
бст,2
аб_,2
ахв,2
ейм,2
кис,2
озх,2
зхо,2
ещу,2
ігш,2
яза,2
вач,2
чує,2
хла,2
гіс,2
пец,2
нню,2
жчі,2
іці,2
ебр,2
зе_,2
алт,2
шкр,2
глі,2
йпе,2
раг,2
пик,2
ояз,2
ехн,2
луд,2
щих,2
нау,2
ьоп,2
уй_,2
гтя,2
яют,2
туй,2
люс,2
уєш,2
урл,2
ржу,2
рпе,2
нур,2
вім,2
здв,2
ашу,2
опч,2
маз,2
ячк,2
яць,2
ціп,2
гух,2
хма,2
вли,2
пим,2
біт,2
хою,2
щад,2
дча,2
жан,2
якн,2
віж,2
іто,2
атс,2
рся,2
боч,2
ліб,2
ург,2
кіг,2
ерю,2
ебл,2
ожд,2
руз,2
зяк,2
йво,2
_юр,2
зпу,2
фан,2
ипк,2
йню,2
дії,2
шик,2
гше,2
изк,2
упл,2
ижд,2
ндр,2
цат,2
сяг,2
ідя,2
одб,2
вжу,2
анд,2
юбл,2
леп,2
хне,2
шею,2
блю,2
вок,2
рюк,2
грю,2
тио,2
буг,2
арч,2
тнь,2
аюс,2
щої,2
ьбл,2
кіт,2
зіс,2
нуд,2
чаз,2
йми,2
тча,2
енц,2
чуб,2
бої,2
наж,2
ипн,2
_ть,2
дую,2
едц,2
ацн,2
зпа,2
атл,2
пуч,2
дощ,2
дзе,2
_ии,2
мко,2
рдн,2
цне,2
ззи,2
впо,2
_мн,2
длу,2
муж,2
рть,2
_яг,2
дях,2
хнє,2
уні,2
юти,2
зіх,2
_пт,2
вню,2
юд_,2
фуз,2
рч_,2
ийт,2
пий,2
_уг,2
жіт,2
евц,2
пію,2
ізс,2
сся,2
рха,2
піо,2
цин,2
чли,2
бхо,2
озш,2
зшу,2
жом,2
ал_,2
ужч,2
вп_,2
хіс,2
щон,2
чач,2
итц,2
цну,2
кеє,2
янк,2
ойш,2
тця,2
_ї_,2
упе,2
_ір,2
вгу,2
агі,2
яму,2
ихи,2
іюч,2
юєт,1
сиі,1
бн_,1
_бн,1
ихн,1
неф,1
лел,1
иіг,1
ноо,1
_ож,1
лид,1
олч,1
лча,1
шиї,1
вуш,1
моч,1
гте,1
ійч,1
лец,1
_уї,1
фар,1
ьоб,1
ефа,1
уїл,1
оок,1
адп,1
диб,1
ихш,1
жіи,1
дсв,1
мпо,1
дио,1
зія,1
ейк,1
гел,1
ємц,1
цег,1
зим,1
ісе,1
нчо,1
нзі,1
чох,1
икт,1
іик,1
ктв,1
ріє,1
йжа,1
ршм,1
айч,1
еиг,1
хю_,1
ишп,1
_еи,1
шпо,1
зис,1
шаг,1
пою,1
зкл,1
лді,1
алд,1
иак,1
кии,1
ікр,1
иеш,1
їнс,1
мік,1
гкі,1
ищу,1
щул,1
скд,1
кдз,1
аіо,1
вме,1
_ют,1
дза,1
бич,1
віи,1
ючо,1
омч,1
дщи,1
_нв,1
адщ,1
ліи,1
шою,1
нвр,1
іож,1
цій,1
_аі,1
ізб,1
иєт,1
хис,1
рпи,1
гій,1
иіб,1
_иі,1
таи,1
_do,1
едл,1
язо,1
езз,1
щут,1
_єк,1
єкт,1
мпе,1
шай,1
_щу,1
чхн,1
дев,1
сис,1
жім,1
обш,1
вжм,1
щор,1
івж,1
дрю,1
йті,1
ляї,1
иу_,1
яїи,1
оиг,1
аїх,1
иос,1
_ьо,1
нио,1
хші,1
іои,1
ииі,1
дта,1
кст,1
рзл,1
екс,1
_ек,1
аге,1
ииу,1
зяч,1
шод,1
умл,1
рар,1
__d,1
бда,1
іжа,1
яту,1
жбо,1
жби,1
иїж,1
їис,1
шра,1
ієш,1
рхі,1
скн,1
ваз,1
_рю,1
иат,1
лда,1
нх_,1
нум,1
инх,1
едь,1
рги,1
__ь,1
адх,1
дус,1
усо,1
вма,1
єно,1
мащ,1
мия,1
кдо,1
екд,1
туо,1
уоз,1
умц,1
зчи,1
хиі,1
_єн,1
нек,1
диа,1
вт_,1
олд,1
dom,1
ирс,1
шес,1
ейт,1
иих,1
йва,1
_ii,1
ii_,1
фле,1
зкі,1
ирм,1
вие,1
иен,1
_фл,1
чке,1
юшч,1
изо,1
імк,1
мке,1
фри,1
окт,1
кта,1
рюв,1
шле,1
зиа,1
шчи,1
гва,1
рую,1
ншу,1
плг,1
овд,1
пце,1
иел,1
шии,1
шаю,1
чмі,1
адд,1
язс,1
апц,1
аоп,1
omi,1
сми,1
бсм,1
бду,1
цяє,1
вжи,1
ртн,1
кяв,1
урю,1
аят,1
йсв,1
лая,1
дма,1
івд,1
нуз,1
узс,1
иач,1
оиа,1
лои,1
тк_,1
чнв,1
нв_,1
_йз,1
йзг,1
со_,1
нує,1
ряю,1
хон,1
_кя,1
иют,1
нуж,1
_пп,1
дхі,1
адч,1
зиц,1
цез,1
бає,1
бса,1
цію,1
ікч,1
кче,1
гнс,1
миз,1
йур,1
айу,1
фіг,1
ужд,1
зош,1
еши,1
ппв,1
янь,1
анє,1
нєн,1
єнь,1
_дс,1
рсо,1
вує,1
зод,1
нкт,1
иою,1
вио,1
пви,1
онф,1
нфу,1
абе,1
_тс,1
тс_,1
взн,1
_ес,1
нея,1
нба,1
еяс,1
енб,1
юкі,1
ичо,1
ьці,1
еб_,1
газ,1
тши,1
онз,1
гві,1
атч,1
нзн,1
_н_,1
йба,1
ньй,1
ґра,1
ьйо,1
лгш,1
йто,1
гші,1
арх,1
цуз,1
_ш_,1
нцу,1
_м_,1
кей,1
збе,1
ипо,1
атш,1
йол,1
ян_,1
рші,1
дсі,1
дьг,1
аул,1
ащі,1
ямн,1
мн_,1
дти,1
_юч,1
рнт,1
всм,1
рер,1
шія,1
_нш,1
мпл,1
езк,1
удц,1
йща,1
айщ,1
рау,1
_ол,1
длю,1
ьгу,1
злю,1
иьк,1
щат,1
егр,1
тет,1
адя,1
рум,1
икг,1
аиь,1
ези,1
йор,1
кгю,1
гюч,1
шох,1
иже,1
хіш,1
шво,1
пищ,1
нш_,1
ляж,1
яше,1
дяш,1
яжи,1
йсе,1
ейс,1
удл,1
оуд,1
зоу,1
ек_,1
онш,1
хту,1
ухт,1
уйс,1
зеш,1
юдь,1
_яж,1
яже,1
дун,1
мей,1
имх,1
зіи,1
лев,1
сиг,1
игі,1
буч,1
зер,1
ишв,1
зз_,1
юдс,1
дсь,1
іке,1
тіб,1
ицт,1
цтв,1
дбі,1
апн,1
ірі,1
вск,1
юши,1
_юн,1
юн_,1
ищі,1
ици,1
фат,1
нн_,1
езт,1
шці,1
зта,1
ишц,1
чям,1
бшу,1
ячц,1
іїв,1
ьс_,1
пул,1
дтр,1
цав,1
жот,1
ажо,1
зпі,1
хур,1
саж,1
_зь,1
лкі,1
ее_,1
кее,1
ньб,1
вец,1
нищ,1
сдя,1
жаб,1
ісд,1
мха,1
арл,1
ебн,1
рнс,1
рио,1
неу,1
йві,1
йсм,1
єву,1
дох,1
дею,1
изв,1
жню,1
нює,1
внь,1
вшп,1
льд,1
ацю,1
ьди,1
їдк,1
шрі,1
аощ,1
e__,1
йсу,1
ащу,1
езь,1
_яй,1
цов,1
нцо,1
рн_,1
яйц,1
ащи,1
ґре,1
стд,1
їн_,1
пше,1
еув,1
_пш,1
чиі,1
ннь,1
уі_,1
иес,1
шаж,1
сет,1
инс,1
ine,1
гаі,1
рню,1
аі_,1
еск,1
тег,1
узд,1
егн,1
min,1
чуі,1
юрм,1
арц,1
ятл,1
гіе,1
зао,1
іев,1
ne_,1
мех,1
ізм,1
врі,1
зм_,1
ял_,1
рор,1
ртк,1
юч_,1
зву,1
вук,1
улу,1
иай,1
айи,1
йие,1
_хю,1
пую,1
омп,1
нющ,1
вая,1
єтк,1
_дб,1
хе_,1
тхе,1
иє_,1
виє,1
тіч,1
ясо,1
цює,1
умг,1
жда,1
іжд,1
мгу,1
вві,1
івв,1
лію,1
аод,1
ющо,1
унт,1
изі,1
орп,1
ешн,1
леш,1
ссі,1
кво,1
жел,1
щан,1
шуг,1
гті,1
ещі,1
щ__,1
ищ_,1
ркі,1
тіп,1
цал,1
лол,1
вжа,1
лоє,1
ажл,1
жую,1
фер,1
еці,1
зто,1
вть,1
тош,1
шас,1
цюр,1
юри,1
ушл,1
яхо,1
зян,1
_їд,1
вкі,1
вта,1
зск,1
дюк,1
адю,1
неж,1
ючц,1
ияр,1
єдн,1
юшн,1
йфе,1
ейф,1
фей,1
пфе,1
_пф,1
_ар,1
шіл,1
юго,1
иєд,1
люг,1
жад,1
таж,1
зкв,1
рдя,1
ємо,1
ярк,1
іон,1
кса,1
фуд,1
ошв,1
_чк,1
усл,1
зру,1
руй,1
ізк,1
укл,1
шти,1
сих,1
оод,1
фію,1
гож,1
луй,1
йпи,1
йді,1
шеш,1
цім,1
рче,1
хце,1
ихц,1
ечк,1
_mи,1
бод,1
хни,1
цеє,1
ьщи,1
ьшн,1
пащ,1
mик,1
оях,1
жеч,1
даж,1
y__,1
vy_,1
_vy,1
__v,1
хач,1
_вш,1
ешу,1
баз,1
іжі,1
шлі,1
мущ,1
іяд,1
теф,1
ефр,1
фрі,1
імі,1
вгі,1
шон,1
мез,1
нюю,1
окс,1
_єг,1
єги,1
гип,1
взі,1
етс,1
еця,1
езд,1
вящ,1
жус,1
ейн,1
бел,1
еїв,1
леї,1
зіт,1
рте,1
абн,1
згр,1
аук,1
